ex_date,security_id,action_type,ratio,cash_amount
2025-06-16,AAPL,SPLIT,2.0,0.0
2024-03-29,AAPL,DIV,1.0,2.0152
2024-03-29,MSFT,DIV,1.0,3.6809
2024-03-29,GOOGL,DIV,1.0,1.4086
2024-03-29,AMZN,DIV,1.0,1.6473
2024-06-28,AAPL,DIV,1.0,1.6756
2024-06-28,MSFT,DIV,1.0,2.9989
2024-06-28,GOOGL,DIV,1.0,1.3322
2024-06-28,AMZN,DIV,1.0,1.4279
2024-09-30,AAPL,DIV,1.0,1.7493
2024-09-30,MSFT,DIV,1.0,3.5174
2024-09-30,GOOGL,DIV,1.0,1.4727
2024-09-30,AMZN,DIV,1.0,0.91
2024-12-31,AAPL,DIV,1.0,1.5647
2024-12-31,MSFT,DIV,1.0,3.5784
2024-12-31,GOOGL,DIV,1.0,1.5205
2024-12-31,AMZN,DIV,1.0,0.9336
2025-03-31,AAPL,DIV,1.0,1.9109
2025-03-31,MSFT,DIV,1.0,2.7232
2025-03-31,GOOGL,DIV,1.0,1.5902
2025-03-31,AMZN,DIV,1.0,0.8578
2025-06-30,AAPL,DIV,1.0,1.8975
2025-06-30,MSFT,DIV,1.0,2.8984
2025-06-30,GOOGL,DIV,1.0,1.233
2025-06-30,AMZN,DIV,1.0,1.061
2025-09-30,AAPL,DIV,1.0,1.9294
2025-09-30,MSFT,DIV,1.0,3.161
2025-09-30,GOOGL,DIV,1.0,1.1582
2025-09-30,AMZN,DIV,1.0,1.0292
2025-12-31,AAPL,DIV,1.0,1.8758
2025-12-31,MSFT,DIV,1.0,3.9627
2025-12-31,GOOGL,DIV,1.0,0.9803
2025-12-31,AMZN,DIV,1.0,0.947
2026-03-31,AAPL,DIV,1.0,1.6622
2026-03-31,MSFT,DIV,1.0,3.3261
2026-03-31,GOOGL,DIV,1.0,0.8302
2026-03-31,AMZN,DIV,1.0,1.2587
