date,ccy_pair,rate,source
2024-01-01,USDUSD,1.0,internal
2024-01-02,USDUSD,1.0,internal
2024-01-03,USDUSD,1.0,internal
2024-01-04,USDUSD,1.0,internal
2024-01-05,USDUSD,1.0,internal
2024-01-08,USDUSD,1.0,internal
2024-01-09,USDUSD,1.0,internal
2024-01-10,USDUSD,1.0,internal
2024-01-11,USDUSD,1.0,internal
2024-01-12,USDUSD,1.0,internal
2024-01-15,USDUSD,1.0,internal
2024-01-16,USDUSD,1.0,internal
2024-01-17,USDUSD,1.0,internal
2024-01-18,USDUSD,1.0,internal
2024-01-19,USDUSD,1.0,internal
2024-01-22,USDUSD,1.0,internal
2024-01-23,USDUSD,1.0,internal
2024-01-24,USDUSD,1.0,internal
2024-01-25,USDUSD,1.0,internal
2024-01-26,USDUSD,1.0,internal
2024-01-29,USDUSD,1.0,internal
2024-01-30,USDUSD,1.0,internal
2024-01-31,USDUSD,1.0,internal
2024-02-01,USDUSD,1.0,internal
2024-02-02,USDUSD,1.0,internal
2024-02-05,USDUSD,1.0,internal
2024-02-06,USDUSD,1.0,internal
2024-02-07,USDUSD,1.0,internal
2024-02-08,USDUSD,1.0,internal
2024-02-09,USDUSD,1.0,internal
2024-02-12,USDUSD,1.0,internal
2024-02-13,USDUSD,1.0,internal
2024-02-14,USDUSD,1.0,internal
2024-02-15,USDUSD,1.0,internal
2024-02-16,USDUSD,1.0,internal
2024-02-19,USDUSD,1.0,internal
2024-02-20,USDUSD,1.0,internal
2024-02-21,USDUSD,1.0,internal
2024-02-22,USDUSD,1.0,internal
2024-02-23,USDUSD,1.0,internal
2024-02-26,USDUSD,1.0,internal
2024-02-27,USDUSD,1.0,internal
2024-02-28,USDUSD,1.0,internal
2024-02-29,USDUSD,1.0,internal
2024-03-01,USDUSD,1.0,internal
2024-03-04,USDUSD,1.0,internal
2024-03-05,USDUSD,1.0,internal
2024-03-06,USDUSD,1.0,internal
2024-03-07,USDUSD,1.0,internal
2024-03-08,USDUSD,1.0,internal
2024-03-11,USDUSD,1.0,internal
2024-03-12,USDUSD,1.0,internal
2024-03-13,USDUSD,1.0,internal
2024-03-14,USDUSD,1.0,internal
2024-03-15,USDUSD,1.0,internal
2024-03-18,USDUSD,1.0,internal
2024-03-19,USDUSD,1.0,internal
2024-03-20,USDUSD,1.0,internal
2024-03-21,USDUSD,1.0,internal
2024-03-22,USDUSD,1.0,internal
2024-03-25,USDUSD,1.0,internal
2024-03-26,USDUSD,1.0,internal
2024-03-27,USDUSD,1.0,internal
2024-03-28,USDUSD,1.0,internal
2024-03-29,USDUSD,1.0,internal
2024-04-01,USDUSD,1.0,internal
2024-04-02,USDUSD,1.0,internal
2024-04-03,USDUSD,1.0,internal
2024-04-04,USDUSD,1.0,internal
2024-04-05,USDUSD,1.0,internal
2024-04-08,USDUSD,1.0,internal
2024-04-09,USDUSD,1.0,internal
2024-04-10,USDUSD,1.0,internal
2024-04-11,USDUSD,1.0,internal
2024-04-12,USDUSD,1.0,internal
2024-04-15,USDUSD,1.0,internal
2024-04-16,USDUSD,1.0,internal
2024-04-17,USDUSD,1.0,internal
2024-04-18,USDUSD,1.0,internal
2024-04-19,USDUSD,1.0,internal
2024-04-22,USDUSD,1.0,internal
2024-04-23,USDUSD,1.0,internal
2024-04-24,USDUSD,1.0,internal
2024-04-25,USDUSD,1.0,internal
2024-04-26,USDUSD,1.0,internal
2024-04-29,USDUSD,1.0,internal
2024-04-30,USDUSD,1.0,internal
2024-05-01,USDUSD,1.0,internal
2024-05-02,USDUSD,1.0,internal
2024-05-03,USDUSD,1.0,internal
2024-05-06,USDUSD,1.0,internal
2024-05-07,USDUSD,1.0,internal
2024-05-08,USDUSD,1.0,internal
2024-05-09,USDUSD,1.0,internal
2024-05-10,USDUSD,1.0,internal
2024-05-13,USDUSD,1.0,internal
2024-05-14,USDUSD,1.0,internal
2024-05-15,USDUSD,1.0,internal
2024-05-16,USDUSD,1.0,internal
2024-05-17,USDUSD,1.0,internal
2024-05-20,USDUSD,1.0,internal
2024-05-21,USDUSD,1.0,internal
2024-05-22,USDUSD,1.0,internal
2024-05-23,USDUSD,1.0,internal
2024-05-24,USDUSD,1.0,internal
2024-05-27,USDUSD,1.0,internal
2024-05-28,USDUSD,1.0,internal
2024-05-29,USDUSD,1.0,internal
2024-05-30,USDUSD,1.0,internal
2024-05-31,USDUSD,1.0,internal
2024-06-03,USDUSD,1.0,internal
2024-06-04,USDUSD,1.0,internal
2024-06-05,USDUSD,1.0,internal
2024-06-06,USDUSD,1.0,internal
2024-06-07,USDUSD,1.0,internal
2024-06-10,USDUSD,1.0,internal
2024-06-11,USDUSD,1.0,internal
2024-06-12,USDUSD,1.0,internal
2024-06-13,USDUSD,1.0,internal
2024-06-14,USDUSD,1.0,internal
2024-06-17,USDUSD,1.0,internal
2024-06-18,USDUSD,1.0,internal
2024-06-19,USDUSD,1.0,internal
2024-06-20,USDUSD,1.0,internal
2024-06-21,USDUSD,1.0,internal
2024-06-24,USDUSD,1.0,internal
2024-06-25,USDUSD,1.0,internal
2024-06-26,USDUSD,1.0,internal
2024-06-27,USDUSD,1.0,internal
2024-06-28,USDUSD,1.0,internal
2024-07-01,USDUSD,1.0,internal
2024-07-02,USDUSD,1.0,internal
2024-07-03,USDUSD,1.0,internal
2024-07-04,USDUSD,1.0,internal
2024-07-05,USDUSD,1.0,internal
2024-07-08,USDUSD,1.0,internal
2024-07-09,USDUSD,1.0,internal
2024-07-10,USDUSD,1.0,internal
2024-07-11,USDUSD,1.0,internal
2024-07-12,USDUSD,1.0,internal
2024-07-15,USDUSD,1.0,internal
2024-07-16,USDUSD,1.0,internal
2024-07-17,USDUSD,1.0,internal
2024-07-18,USDUSD,1.0,internal
2024-07-19,USDUSD,1.0,internal
2024-07-22,USDUSD,1.0,internal
2024-07-23,USDUSD,1.0,internal
2024-07-24,USDUSD,1.0,internal
2024-07-25,USDUSD,1.0,internal
2024-07-26,USDUSD,1.0,internal
2024-07-29,USDUSD,1.0,internal
2024-07-30,USDUSD,1.0,internal
2024-07-31,USDUSD,1.0,internal
2024-08-01,USDUSD,1.0,internal
2024-08-02,USDUSD,1.0,internal
2024-08-05,USDUSD,1.0,internal
2024-08-06,USDUSD,1.0,internal
2024-08-07,USDUSD,1.0,internal
2024-08-08,USDUSD,1.0,internal
2024-08-09,USDUSD,1.0,internal
2024-08-12,USDUSD,1.0,internal
2024-08-13,USDUSD,1.0,internal
2024-08-14,USDUSD,1.0,internal
2024-08-15,USDUSD,1.0,internal
2024-08-16,USDUSD,1.0,internal
2024-08-19,USDUSD,1.0,internal
2024-08-20,USDUSD,1.0,internal
2024-08-21,USDUSD,1.0,internal
2024-08-22,USDUSD,1.0,internal
2024-08-23,USDUSD,1.0,internal
2024-08-26,USDUSD,1.0,internal
2024-08-27,USDUSD,1.0,internal
2024-08-28,USDUSD,1.0,internal
2024-08-29,USDUSD,1.0,internal
2024-08-30,USDUSD,1.0,internal
2024-09-02,USDUSD,1.0,internal
2024-09-03,USDUSD,1.0,internal
2024-09-04,USDUSD,1.0,internal
2024-09-05,USDUSD,1.0,internal
2024-09-06,USDUSD,1.0,internal
2024-09-09,USDUSD,1.0,internal
2024-09-10,USDUSD,1.0,internal
2024-09-11,USDUSD,1.0,internal
2024-09-12,USDUSD,1.0,internal
2024-09-13,USDUSD,1.0,internal
2024-09-16,USDUSD,1.0,internal
2024-09-17,USDUSD,1.0,internal
2024-09-18,USDUSD,1.0,internal
2024-09-19,USDUSD,1.0,internal
2024-09-20,USDUSD,1.0,internal
2024-09-23,USDUSD,1.0,internal
2024-09-24,USDUSD,1.0,internal
2024-09-25,USDUSD,1.0,internal
2024-09-26,USDUSD,1.0,internal
2024-09-27,USDUSD,1.0,internal
2024-09-30,USDUSD,1.0,internal
2024-10-01,USDUSD,1.0,internal
2024-10-02,USDUSD,1.0,internal
2024-10-03,USDUSD,1.0,internal
2024-10-04,USDUSD,1.0,internal
2024-10-07,USDUSD,1.0,internal
2024-10-08,USDUSD,1.0,internal
2024-10-09,USDUSD,1.0,internal
2024-10-10,USDUSD,1.0,internal
2024-10-11,USDUSD,1.0,internal
2024-10-14,USDUSD,1.0,internal
2024-10-15,USDUSD,1.0,internal
2024-10-16,USDUSD,1.0,internal
2024-10-17,USDUSD,1.0,internal
2024-10-18,USDUSD,1.0,internal
2024-10-21,USDUSD,1.0,internal
2024-10-22,USDUSD,1.0,internal
2024-10-23,USDUSD,1.0,internal
2024-10-24,USDUSD,1.0,internal
2024-10-25,USDUSD,1.0,internal
2024-10-28,USDUSD,1.0,internal
2024-10-29,USDUSD,1.0,internal
2024-10-30,USDUSD,1.0,internal
2024-10-31,USDUSD,1.0,internal
2024-11-01,USDUSD,1.0,internal
2024-11-04,USDUSD,1.0,internal
2024-11-05,USDUSD,1.0,internal
2024-11-06,USDUSD,1.0,internal
2024-11-07,USDUSD,1.0,internal
2024-11-08,USDUSD,1.0,internal
2024-11-11,USDUSD,1.0,internal
2024-11-12,USDUSD,1.0,internal
2024-11-13,USDUSD,1.0,internal
2024-11-14,USDUSD,1.0,internal
2024-11-15,USDUSD,1.0,internal
2024-11-18,USDUSD,1.0,internal
2024-11-19,USDUSD,1.0,internal
2024-11-20,USDUSD,1.0,internal
2024-11-21,USDUSD,1.0,internal
2024-11-22,USDUSD,1.0,internal
2024-11-25,USDUSD,1.0,internal
2024-11-26,USDUSD,1.0,internal
2024-11-27,USDUSD,1.0,internal
2024-11-28,USDUSD,1.0,internal
2024-11-29,USDUSD,1.0,internal
2024-12-02,USDUSD,1.0,internal
2024-12-03,USDUSD,1.0,internal
2024-12-04,USDUSD,1.0,internal
2024-12-05,USDUSD,1.0,internal
2024-12-06,USDUSD,1.0,internal
2024-12-09,USDUSD,1.0,internal
2024-12-10,USDUSD,1.0,internal
2024-12-11,USDUSD,1.0,internal
2024-12-12,USDUSD,1.0,internal
2024-12-13,USDUSD,1.0,internal
2024-12-16,USDUSD,1.0,internal
2024-12-17,USDUSD,1.0,internal
2024-12-18,USDUSD,1.0,internal
2024-12-19,USDUSD,1.0,internal
2024-12-20,USDUSD,1.0,internal
2024-12-23,USDUSD,1.0,internal
2024-12-24,USDUSD,1.0,internal
2024-12-25,USDUSD,1.0,internal
2024-12-26,USDUSD,1.0,internal
2024-12-27,USDUSD,1.0,internal
2024-12-30,USDUSD,1.0,internal
2024-12-31,USDUSD,1.0,internal
2025-01-01,USDUSD,1.0,internal
2025-01-02,USDUSD,1.0,internal
2025-01-03,USDUSD,1.0,internal
2025-01-06,USDUSD,1.0,internal
2025-01-07,USDUSD,1.0,internal
2025-01-08,USDUSD,1.0,internal
2025-01-09,USDUSD,1.0,internal
2025-01-10,USDUSD,1.0,internal
2025-01-13,USDUSD,1.0,internal
2025-01-14,USDUSD,1.0,internal
2025-01-15,USDUSD,1.0,internal
2025-01-16,USDUSD,1.0,internal
2025-01-17,USDUSD,1.0,internal
2025-01-20,USDUSD,1.0,internal
2025-01-21,USDUSD,1.0,internal
2025-01-22,USDUSD,1.0,internal
2025-01-23,USDUSD,1.0,internal
2025-01-24,USDUSD,1.0,internal
2025-01-27,USDUSD,1.0,internal
2025-01-28,USDUSD,1.0,internal
2025-01-29,USDUSD,1.0,internal
2025-01-30,USDUSD,1.0,internal
2025-01-31,USDUSD,1.0,internal
2025-02-03,USDUSD,1.0,internal
2025-02-04,USDUSD,1.0,internal
2025-02-05,USDUSD,1.0,internal
2025-02-06,USDUSD,1.0,internal
2025-02-07,USDUSD,1.0,internal
2025-02-10,USDUSD,1.0,internal
2025-02-11,USDUSD,1.0,internal
2025-02-12,USDUSD,1.0,internal
2025-02-13,USDUSD,1.0,internal
2025-02-14,USDUSD,1.0,internal
2025-02-17,USDUSD,1.0,internal
2025-02-18,USDUSD,1.0,internal
2025-02-19,USDUSD,1.0,internal
2025-02-20,USDUSD,1.0,internal
2025-02-21,USDUSD,1.0,internal
2025-02-24,USDUSD,1.0,internal
2025-02-25,USDUSD,1.0,internal
2025-02-26,USDUSD,1.0,internal
2025-02-27,USDUSD,1.0,internal
2025-02-28,USDUSD,1.0,internal
2025-03-03,USDUSD,1.0,internal
2025-03-04,USDUSD,1.0,internal
2025-03-05,USDUSD,1.0,internal
2025-03-06,USDUSD,1.0,internal
2025-03-07,USDUSD,1.0,internal
2025-03-10,USDUSD,1.0,internal
2025-03-11,USDUSD,1.0,internal
2025-03-12,USDUSD,1.0,internal
2025-03-13,USDUSD,1.0,internal
2025-03-14,USDUSD,1.0,internal
2025-03-17,USDUSD,1.0,internal
2025-03-18,USDUSD,1.0,internal
2025-03-19,USDUSD,1.0,internal
2025-03-20,USDUSD,1.0,internal
2025-03-21,USDUSD,1.0,internal
2025-03-24,USDUSD,1.0,internal
2025-03-25,USDUSD,1.0,internal
2025-03-26,USDUSD,1.0,internal
2025-03-27,USDUSD,1.0,internal
2025-03-28,USDUSD,1.0,internal
2025-03-31,USDUSD,1.0,internal
2025-04-01,USDUSD,1.0,internal
2025-04-02,USDUSD,1.0,internal
2025-04-03,USDUSD,1.0,internal
2025-04-04,USDUSD,1.0,internal
2025-04-07,USDUSD,1.0,internal
2025-04-08,USDUSD,1.0,internal
2025-04-09,USDUSD,1.0,internal
2025-04-10,USDUSD,1.0,internal
2025-04-11,USDUSD,1.0,internal
2025-04-14,USDUSD,1.0,internal
2025-04-15,USDUSD,1.0,internal
2025-04-16,USDUSD,1.0,internal
2025-04-17,USDUSD,1.0,internal
2025-04-18,USDUSD,1.0,internal
2025-04-21,USDUSD,1.0,internal
2025-04-22,USDUSD,1.0,internal
2025-04-23,USDUSD,1.0,internal
2025-04-24,USDUSD,1.0,internal
2025-04-25,USDUSD,1.0,internal
2025-04-28,USDUSD,1.0,internal
2025-04-29,USDUSD,1.0,internal
2025-04-30,USDUSD,1.0,internal
2025-05-01,USDUSD,1.0,internal
2025-05-02,USDUSD,1.0,internal
2025-05-05,USDUSD,1.0,internal
2025-05-06,USDUSD,1.0,internal
2025-05-07,USDUSD,1.0,internal
2025-05-08,USDUSD,1.0,internal
2025-05-09,USDUSD,1.0,internal
2025-05-12,USDUSD,1.0,internal
2025-05-13,USDUSD,1.0,internal
2025-05-14,USDUSD,1.0,internal
2025-05-15,USDUSD,1.0,internal
2025-05-16,USDUSD,1.0,internal
2025-05-19,USDUSD,1.0,internal
2025-05-20,USDUSD,1.0,internal
2025-05-21,USDUSD,1.0,internal
2025-05-22,USDUSD,1.0,internal
2025-05-23,USDUSD,1.0,internal
2025-05-26,USDUSD,1.0,internal
2025-05-27,USDUSD,1.0,internal
2025-05-28,USDUSD,1.0,internal
2025-05-29,USDUSD,1.0,internal
2025-05-30,USDUSD,1.0,internal
2025-06-02,USDUSD,1.0,internal
2025-06-03,USDUSD,1.0,internal
2025-06-04,USDUSD,1.0,internal
2025-06-05,USDUSD,1.0,internal
2025-06-06,USDUSD,1.0,internal
2025-06-09,USDUSD,1.0,internal
2025-06-10,USDUSD,1.0,internal
2025-06-11,USDUSD,1.0,internal
2025-06-12,USDUSD,1.0,internal
2025-06-13,USDUSD,1.0,internal
2025-06-16,USDUSD,1.0,internal
2025-06-17,USDUSD,1.0,internal
2025-06-18,USDUSD,1.0,internal
2025-06-19,USDUSD,1.0,internal
2025-06-20,USDUSD,1.0,internal
2025-06-23,USDUSD,1.0,internal
2025-06-24,USDUSD,1.0,internal
2025-06-25,USDUSD,1.0,internal
2025-06-26,USDUSD,1.0,internal
2025-06-27,USDUSD,1.0,internal
2025-06-30,USDUSD,1.0,internal
2025-07-01,USDUSD,1.0,internal
2025-07-02,USDUSD,1.0,internal
2025-07-03,USDUSD,1.0,internal
2025-07-04,USDUSD,1.0,internal
2025-07-07,USDUSD,1.0,internal
2025-07-08,USDUSD,1.0,internal
2025-07-09,USDUSD,1.0,internal
2025-07-10,USDUSD,1.0,internal
2025-07-11,USDUSD,1.0,internal
2025-07-14,USDUSD,1.0,internal
2025-07-15,USDUSD,1.0,internal
2025-07-16,USDUSD,1.0,internal
2025-07-17,USDUSD,1.0,internal
2025-07-18,USDUSD,1.0,internal
2025-07-21,USDUSD,1.0,internal
2025-07-22,USDUSD,1.0,internal
2025-07-23,USDUSD,1.0,internal
2025-07-24,USDUSD,1.0,internal
2025-07-25,USDUSD,1.0,internal
2025-07-28,USDUSD,1.0,internal
2025-07-29,USDUSD,1.0,internal
2025-07-30,USDUSD,1.0,internal
2025-07-31,USDUSD,1.0,internal
2025-08-01,USDUSD,1.0,internal
2025-08-04,USDUSD,1.0,internal
2025-08-05,USDUSD,1.0,internal
2025-08-06,USDUSD,1.0,internal
2025-08-07,USDUSD,1.0,internal
2025-08-08,USDUSD,1.0,internal
2025-08-11,USDUSD,1.0,internal
2025-08-12,USDUSD,1.0,internal
2025-08-13,USDUSD,1.0,internal
2025-08-14,USDUSD,1.0,internal
2025-08-15,USDUSD,1.0,internal
2025-08-18,USDUSD,1.0,internal
2025-08-19,USDUSD,1.0,internal
2025-08-20,USDUSD,1.0,internal
2025-08-21,USDUSD,1.0,internal
2025-08-22,USDUSD,1.0,internal
2025-08-25,USDUSD,1.0,internal
2025-08-26,USDUSD,1.0,internal
2025-08-27,USDUSD,1.0,internal
2025-08-28,USDUSD,1.0,internal
2025-08-29,USDUSD,1.0,internal
2025-09-01,USDUSD,1.0,internal
2025-09-02,USDUSD,1.0,internal
2025-09-03,USDUSD,1.0,internal
2025-09-04,USDUSD,1.0,internal
2025-09-05,USDUSD,1.0,internal
2025-09-08,USDUSD,1.0,internal
2025-09-09,USDUSD,1.0,internal
2025-09-10,USDUSD,1.0,internal
2025-09-11,USDUSD,1.0,internal
2025-09-12,USDUSD,1.0,internal
2025-09-15,USDUSD,1.0,internal
2025-09-16,USDUSD,1.0,internal
2025-09-17,USDUSD,1.0,internal
2025-09-18,USDUSD,1.0,internal
2025-09-19,USDUSD,1.0,internal
2025-09-22,USDUSD,1.0,internal
2025-09-23,USDUSD,1.0,internal
2025-09-24,USDUSD,1.0,internal
2025-09-25,USDUSD,1.0,internal
2025-09-26,USDUSD,1.0,internal
2025-09-29,USDUSD,1.0,internal
2025-09-30,USDUSD,1.0,internal
2025-10-01,USDUSD,1.0,internal
2025-10-02,USDUSD,1.0,internal
2025-10-03,USDUSD,1.0,internal
2025-10-06,USDUSD,1.0,internal
2025-10-07,USDUSD,1.0,internal
2025-10-08,USDUSD,1.0,internal
2025-10-09,USDUSD,1.0,internal
2025-10-10,USDUSD,1.0,internal
2025-10-13,USDUSD,1.0,internal
2025-10-14,USDUSD,1.0,internal
2025-10-15,USDUSD,1.0,internal
2025-10-16,USDUSD,1.0,internal
2025-10-17,USDUSD,1.0,internal
2025-10-20,USDUSD,1.0,internal
2025-10-21,USDUSD,1.0,internal
2025-10-22,USDUSD,1.0,internal
2025-10-23,USDUSD,1.0,internal
2025-10-24,USDUSD,1.0,internal
2025-10-27,USDUSD,1.0,internal
2025-10-28,USDUSD,1.0,internal
2025-10-29,USDUSD,1.0,internal
2025-10-30,USDUSD,1.0,internal
2025-10-31,USDUSD,1.0,internal
2025-11-03,USDUSD,1.0,internal
2025-11-04,USDUSD,1.0,internal
2025-11-05,USDUSD,1.0,internal
2025-11-06,USDUSD,1.0,internal
2025-11-07,USDUSD,1.0,internal
2025-11-10,USDUSD,1.0,internal
2025-11-11,USDUSD,1.0,internal
2025-11-12,USDUSD,1.0,internal
2025-11-13,USDUSD,1.0,internal
2025-11-14,USDUSD,1.0,internal
2025-11-17,USDUSD,1.0,internal
2025-11-18,USDUSD,1.0,internal
2025-11-19,USDUSD,1.0,internal
2025-11-20,USDUSD,1.0,internal
2025-11-21,USDUSD,1.0,internal
2025-11-24,USDUSD,1.0,internal
2025-11-25,USDUSD,1.0,internal
2025-11-26,USDUSD,1.0,internal
2025-11-27,USDUSD,1.0,internal
2025-11-28,USDUSD,1.0,internal
2025-12-01,USDUSD,1.0,internal
2025-12-02,USDUSD,1.0,internal
2025-12-03,USDUSD,1.0,internal
2025-12-04,USDUSD,1.0,internal
2025-12-05,USDUSD,1.0,internal
2025-12-08,USDUSD,1.0,internal
2025-12-09,USDUSD,1.0,internal
2025-12-10,USDUSD,1.0,internal
2025-12-11,USDUSD,1.0,internal
2025-12-12,USDUSD,1.0,internal
2025-12-15,USDUSD,1.0,internal
2025-12-16,USDUSD,1.0,internal
2025-12-17,USDUSD,1.0,internal
2025-12-18,USDUSD,1.0,internal
2025-12-19,USDUSD,1.0,internal
2025-12-22,USDUSD,1.0,internal
2025-12-23,USDUSD,1.0,internal
2025-12-24,USDUSD,1.0,internal
2025-12-25,USDUSD,1.0,internal
2025-12-26,USDUSD,1.0,internal
2025-12-29,USDUSD,1.0,internal
2025-12-30,USDUSD,1.0,internal
2025-12-31,USDUSD,1.0,internal
2026-01-01,USDUSD,1.0,internal
2026-01-02,USDUSD,1.0,internal
2026-01-05,USDUSD,1.0,internal
2026-01-06,USDUSD,1.0,internal
2026-01-07,USDUSD,1.0,internal
2026-01-08,USDUSD,1.0,internal
2026-01-09,USDUSD,1.0,internal
2026-01-12,USDUSD,1.0,internal
2026-01-13,USDUSD,1.0,internal
2026-01-14,USDUSD,1.0,internal
2026-01-15,USDUSD,1.0,internal
2026-01-16,USDUSD,1.0,internal
2026-01-19,USDUSD,1.0,internal
2026-01-20,USDUSD,1.0,internal
2026-01-21,USDUSD,1.0,internal
2026-01-22,USDUSD,1.0,internal
2026-01-23,USDUSD,1.0,internal
2026-01-26,USDUSD,1.0,internal
2026-01-27,USDUSD,1.0,internal
2026-01-28,USDUSD,1.0,internal
2026-01-29,USDUSD,1.0,internal
2026-01-30,USDUSD,1.0,internal
2026-02-02,USDUSD,1.0,internal
2026-02-03,USDUSD,1.0,internal
2026-02-04,USDUSD,1.0,internal
2026-02-05,USDUSD,1.0,internal
2026-02-06,USDUSD,1.0,internal
2026-02-09,USDUSD,1.0,internal
2026-02-10,USDUSD,1.0,internal
2026-02-11,USDUSD,1.0,internal
2026-02-12,USDUSD,1.0,internal
2026-02-13,USDUSD,1.0,internal
2026-02-16,USDUSD,1.0,internal
2026-02-17,USDUSD,1.0,internal
2026-02-18,USDUSD,1.0,internal
2026-02-19,USDUSD,1.0,internal
2026-02-20,USDUSD,1.0,internal
2026-02-23,USDUSD,1.0,internal
2026-02-24,USDUSD,1.0,internal
2026-02-25,USDUSD,1.0,internal
2026-02-26,USDUSD,1.0,internal
2026-02-27,USDUSD,1.0,internal
2026-03-02,USDUSD,1.0,internal
2026-03-03,USDUSD,1.0,internal
2026-03-04,USDUSD,1.0,internal
2026-03-05,USDUSD,1.0,internal
2026-03-06,USDUSD,1.0,internal
2026-03-09,USDUSD,1.0,internal
2026-03-10,USDUSD,1.0,internal
2026-03-11,USDUSD,1.0,internal
2026-03-12,USDUSD,1.0,internal
2026-03-13,USDUSD,1.0,internal
2026-03-16,USDUSD,1.0,internal
2026-03-17,USDUSD,1.0,internal
2026-03-18,USDUSD,1.0,internal
2026-03-19,USDUSD,1.0,internal
2026-03-20,USDUSD,1.0,internal
2026-03-23,USDUSD,1.0,internal
2026-03-24,USDUSD,1.0,internal
2026-03-25,USDUSD,1.0,internal
2026-03-26,USDUSD,1.0,internal
2026-03-27,USDUSD,1.0,internal
2026-03-30,USDUSD,1.0,internal
2026-03-31,USDUSD,1.0,internal
