date,security_id,price,source
2024-01-01,AAPL,181.61,internal
2024-01-02,AAPL,184.13,internal
2024-01-03,AAPL,187.32,internal
2024-01-04,AAPL,180.9,internal
2024-01-05,AAPL,176.76,internal
2024-01-08,AAPL,177.21,internal
2024-01-09,AAPL,176.25,internal
2024-01-10,AAPL,176.24,internal
2024-01-11,AAPL,173.59,internal
2024-01-12,AAPL,176.41,internal
2024-01-15,AAPL,178.94,internal
2024-01-16,AAPL,179.2,internal
2024-01-17,AAPL,182.92,internal
2024-01-18,AAPL,184.51,internal
2024-01-19,AAPL,181.72,internal
2024-01-22,AAPL,182.98,internal
2024-01-23,AAPL,179.89,internal
2024-01-24,AAPL,182.8,internal
2024-01-25,AAPL,182.69,internal
2024-01-26,AAPL,182.12,internal
2024-01-29,AAPL,179.95,internal
2024-01-30,AAPL,184.0,internal
2024-01-31,AAPL,183.53,internal
2024-02-01,AAPL,182.17,internal
2024-02-02,AAPL,181.07,internal
2024-02-05,AAPL,182.85,internal
2024-02-06,AAPL,184.11,internal
2024-02-07,AAPL,185.53,internal
2024-02-08,AAPL,187.02,internal
2024-02-09,AAPL,194.42,internal
2024-02-12,AAPL,193.05,internal
2024-02-13,AAPL,191.32,internal
2024-02-14,AAPL,188.59,internal
2024-02-15,AAPL,190.74,internal
2024-02-16,AAPL,194.7,internal
2024-02-19,AAPL,194.35,internal
2024-02-20,AAPL,191.48,internal
2024-02-21,AAPL,188.71,internal
2024-02-22,AAPL,190.98,internal
2024-02-23,AAPL,193.6,internal
2024-02-26,AAPL,195.55,internal
2024-02-27,AAPL,193.27,internal
2024-02-28,AAPL,194.13,internal
2024-02-29,AAPL,194.59,internal
2024-03-01,AAPL,195.4,internal
2024-03-04,AAPL,198.54,internal
2024-03-05,AAPL,199.39,internal
2024-03-06,AAPL,201.89,internal
2024-03-07,AAPL,202.19,internal
2024-03-08,AAPL,203.3,internal
2024-03-11,AAPL,205.67,internal
2024-03-12,AAPL,200.4,internal
2024-03-13,AAPL,199.3,internal
2024-03-14,AAPL,197.67,internal
2024-03-15,AAPL,195.45,internal
2024-03-18,AAPL,194.54,internal
2024-03-19,AAPL,199.89,internal
2024-03-20,AAPL,196.85,internal
2024-03-21,AAPL,200.36,internal
2024-03-22,AAPL,194.43,internal
2024-03-25,AAPL,193.31,internal
2024-03-26,AAPL,193.93,internal
2024-03-27,AAPL,196.03,internal
2024-03-28,AAPL,198.61,internal
2024-03-29,AAPL,201.52,internal
2024-04-01,AAPL,200.31,internal
2024-04-02,AAPL,198.7,internal
2024-04-03,AAPL,201.84,internal
2024-04-04,AAPL,201.19,internal
2024-04-05,AAPL,196.68,internal
2024-04-08,AAPL,192.75,internal
2024-04-09,AAPL,189.64,internal
2024-04-10,AAPL,191.39,internal
2024-04-11,AAPL,191.93,internal
2024-04-12,AAPL,194.38,internal
2024-04-15,AAPL,192.94,internal
2024-04-16,AAPL,193.54,internal
2024-04-17,AAPL,195.78,internal
2024-04-18,AAPL,194.74,internal
2024-04-19,AAPL,196.4,internal
2024-04-22,AAPL,194.12,internal
2024-04-23,AAPL,192.9,internal
2024-04-24,AAPL,191.63,internal
2024-04-25,AAPL,187.59,internal
2024-04-26,AAPL,189.29,internal
2024-04-29,AAPL,187.75,internal
2024-04-30,AAPL,187.84,internal
2024-05-01,AAPL,189.52,internal
2024-05-02,AAPL,191.09,internal
2024-05-03,AAPL,193.45,internal
2024-05-06,AAPL,193.15,internal
2024-05-07,AAPL,191.73,internal
2024-05-08,AAPL,191.51,internal
2024-05-09,AAPL,185.82,internal
2024-05-10,AAPL,181.09,internal
2024-05-13,AAPL,176.87,internal
2024-05-14,AAPL,173.77,internal
2024-05-15,AAPL,175.07,internal
2024-05-16,AAPL,172.28,internal
2024-05-17,AAPL,171.16,internal
2024-05-20,AAPL,175.25,internal
2024-05-21,AAPL,174.17,internal
2024-05-22,AAPL,176.55,internal
2024-05-23,AAPL,173.65,internal
2024-05-24,AAPL,173.05,internal
2024-05-27,AAPL,170.16,internal
2024-05-28,AAPL,169.16,internal
2024-05-29,AAPL,171.79,internal
2024-05-30,AAPL,166.57,internal
2024-05-31,AAPL,167.92,internal
2024-06-03,AAPL,168.68,internal
2024-06-04,AAPL,166.93,internal
2024-06-05,AAPL,162.68,internal
2024-06-06,AAPL,162.93,internal
2024-06-07,AAPL,161.43,internal
2024-06-10,AAPL,162.14,internal
2024-06-11,AAPL,162.25,internal
2024-06-12,AAPL,167.04,internal
2024-06-13,AAPL,166.36,internal
2024-06-14,AAPL,163.36,internal
2024-06-17,AAPL,163.93,internal
2024-06-18,AAPL,164.62,internal
2024-06-19,AAPL,168.74,internal
2024-06-20,AAPL,171.34,internal
2024-06-21,AAPL,172.49,internal
2024-06-24,AAPL,177.14,internal
2024-06-25,AAPL,173.43,internal
2024-06-26,AAPL,171.49,internal
2024-06-27,AAPL,168.69,internal
2024-06-28,AAPL,167.56,internal
2024-07-01,AAPL,163.5,internal
2024-07-02,AAPL,165.42,internal
2024-07-03,AAPL,164.8,internal
2024-07-04,AAPL,160.53,internal
2024-07-05,AAPL,157.66,internal
2024-07-08,AAPL,158.6,internal
2024-07-09,AAPL,161.05,internal
2024-07-10,AAPL,166.98,internal
2024-07-11,AAPL,176.02,internal
2024-07-12,AAPL,177.38,internal
2024-07-15,AAPL,174.29,internal
2024-07-16,AAPL,167.77,internal
2024-07-17,AAPL,168.62,internal
2024-07-18,AAPL,166.22,internal
2024-07-19,AAPL,165.02,internal
2024-07-22,AAPL,163.25,internal
2024-07-23,AAPL,162.88,internal
2024-07-24,AAPL,166.08,internal
2024-07-25,AAPL,166.59,internal
2024-07-26,AAPL,166.16,internal
2024-07-29,AAPL,163.13,internal
2024-07-30,AAPL,158.32,internal
2024-07-31,AAPL,156.98,internal
2024-08-01,AAPL,156.87,internal
2024-08-02,AAPL,161.98,internal
2024-08-05,AAPL,162.4,internal
2024-08-06,AAPL,165.34,internal
2024-08-07,AAPL,163.9,internal
2024-08-08,AAPL,160.49,internal
2024-08-09,AAPL,157.76,internal
2024-08-12,AAPL,155.75,internal
2024-08-13,AAPL,161.88,internal
2024-08-14,AAPL,159.54,internal
2024-08-15,AAPL,162.01,internal
2024-08-16,AAPL,159.44,internal
2024-08-19,AAPL,162.17,internal
2024-08-20,AAPL,163.34,internal
2024-08-21,AAPL,162.92,internal
2024-08-22,AAPL,162.84,internal
2024-08-23,AAPL,160.98,internal
2024-08-26,AAPL,162.31,internal
2024-08-27,AAPL,161.03,internal
2024-08-28,AAPL,157.56,internal
2024-08-29,AAPL,154.01,internal
2024-08-30,AAPL,154.53,internal
2024-09-02,AAPL,159.03,internal
2024-09-03,AAPL,159.52,internal
2024-09-04,AAPL,159.22,internal
2024-09-05,AAPL,160.08,internal
2024-09-06,AAPL,163.93,internal
2024-09-09,AAPL,164.62,internal
2024-09-10,AAPL,163.45,internal
2024-09-11,AAPL,166.78,internal
2024-09-12,AAPL,168.11,internal
2024-09-13,AAPL,172.87,internal
2024-09-16,AAPL,173.48,internal
2024-09-17,AAPL,169.74,internal
2024-09-18,AAPL,165.66,internal
2024-09-19,AAPL,170.7,internal
2024-09-20,AAPL,176.12,internal
2024-09-23,AAPL,175.59,internal
2024-09-24,AAPL,174.43,internal
2024-09-25,AAPL,179.13,internal
2024-09-26,AAPL,175.64,internal
2024-09-27,AAPL,172.87,internal
2024-09-30,AAPL,174.93,internal
2024-10-01,AAPL,173.74,internal
2024-10-02,AAPL,173.76,internal
2024-10-03,AAPL,173.3,internal
2024-10-04,AAPL,174.4,internal
2024-10-07,AAPL,178.91,internal
2024-10-08,AAPL,179.25,internal
2024-10-09,AAPL,181.39,internal
2024-10-10,AAPL,174.86,internal
2024-10-11,AAPL,174.75,internal
2024-10-14,AAPL,172.16,internal
2024-10-15,AAPL,168.47,internal
2024-10-16,AAPL,165.87,internal
2024-10-17,AAPL,164.91,internal
2024-10-18,AAPL,167.7,internal
2024-10-21,AAPL,163.78,internal
2024-10-22,AAPL,163.91,internal
2024-10-23,AAPL,162.53,internal
2024-10-24,AAPL,161.61,internal
2024-10-25,AAPL,164.6,internal
2024-10-28,AAPL,166.24,internal
2024-10-29,AAPL,170.34,internal
2024-10-30,AAPL,169.91,internal
2024-10-31,AAPL,167.83,internal
2024-11-01,AAPL,167.2,internal
2024-11-04,AAPL,167.97,internal
2024-11-05,AAPL,168.55,internal
2024-11-06,AAPL,165.33,internal
2024-11-07,AAPL,165.64,internal
2024-11-08,AAPL,166.37,internal
2024-11-11,AAPL,174.12,internal
2024-11-12,AAPL,180.15,internal
2024-11-13,AAPL,177.45,internal
2024-11-14,AAPL,176.58,internal
2024-11-15,AAPL,172.03,internal
2024-11-18,AAPL,170.25,internal
2024-11-19,AAPL,171.27,internal
2024-11-20,AAPL,175.07,internal
2024-11-21,AAPL,172.83,internal
2024-11-22,AAPL,170.85,internal
2024-11-25,AAPL,164.41,internal
2024-11-26,AAPL,163.97,internal
2024-11-27,AAPL,160.91,internal
2024-11-28,AAPL,159.42,internal
2024-11-29,AAPL,156.96,internal
2024-12-02,AAPL,156.74,internal
2024-12-03,AAPL,151.89,internal
2024-12-04,AAPL,147.97,internal
2024-12-05,AAPL,153.79,internal
2024-12-06,AAPL,150.31,internal
2024-12-09,AAPL,147.4,internal
2024-12-10,AAPL,152.4,internal
2024-12-11,AAPL,160.62,internal
2024-12-12,AAPL,157.31,internal
2024-12-13,AAPL,156.31,internal
2024-12-16,AAPL,157.31,internal
2024-12-17,AAPL,162.32,internal
2024-12-18,AAPL,159.5,internal
2024-12-19,AAPL,158.84,internal
2024-12-20,AAPL,161.12,internal
2024-12-23,AAPL,162.43,internal
2024-12-24,AAPL,161.37,internal
2024-12-25,AAPL,161.02,internal
2024-12-26,AAPL,157.13,internal
2024-12-27,AAPL,156.49,internal
2024-12-30,AAPL,155.78,internal
2024-12-31,AAPL,156.47,internal
2025-01-01,AAPL,154.96,internal
2025-01-02,AAPL,156.32,internal
2025-01-03,AAPL,159.23,internal
2025-01-06,AAPL,159.72,internal
2025-01-07,AAPL,160.77,internal
2025-01-08,AAPL,160.97,internal
2025-01-09,AAPL,161.01,internal
2025-01-10,AAPL,158.97,internal
2025-01-13,AAPL,159.92,internal
2025-01-14,AAPL,159.68,internal
2025-01-15,AAPL,165.85,internal
2025-01-16,AAPL,170.66,internal
2025-01-17,AAPL,171.89,internal
2025-01-20,AAPL,169.59,internal
2025-01-21,AAPL,166.27,internal
2025-01-22,AAPL,169.91,internal
2025-01-23,AAPL,170.76,internal
2025-01-24,AAPL,172.29,internal
2025-01-27,AAPL,167.0,internal
2025-01-28,AAPL,169.85,internal
2025-01-29,AAPL,171.29,internal
2025-01-30,AAPL,167.94,internal
2025-01-31,AAPL,166.57,internal
2025-02-03,AAPL,167.4,internal
2025-02-04,AAPL,167.6,internal
2025-02-05,AAPL,166.76,internal
2025-02-06,AAPL,166.5,internal
2025-02-07,AAPL,165.78,internal
2025-02-10,AAPL,166.28,internal
2025-02-11,AAPL,170.79,internal
2025-02-12,AAPL,163.12,internal
2025-02-13,AAPL,162.46,internal
2025-02-14,AAPL,163.02,internal
2025-02-17,AAPL,163.93,internal
2025-02-18,AAPL,162.88,internal
2025-02-19,AAPL,157.85,internal
2025-02-20,AAPL,158.82,internal
2025-02-21,AAPL,163.88,internal
2025-02-24,AAPL,159.46,internal
2025-02-25,AAPL,162.0,internal
2025-02-26,AAPL,161.08,internal
2025-02-27,AAPL,160.94,internal
2025-02-28,AAPL,157.96,internal
2025-03-03,AAPL,157.05,internal
2025-03-04,AAPL,160.81,internal
2025-03-05,AAPL,162.55,internal
2025-03-06,AAPL,167.74,internal
2025-03-07,AAPL,171.37,internal
2025-03-10,AAPL,172.78,internal
2025-03-11,AAPL,178.33,internal
2025-03-12,AAPL,179.79,internal
2025-03-13,AAPL,182.54,internal
2025-03-14,AAPL,181.61,internal
2025-03-17,AAPL,181.87,internal
2025-03-18,AAPL,179.65,internal
2025-03-19,AAPL,182.92,internal
2025-03-20,AAPL,179.13,internal
2025-03-21,AAPL,181.72,internal
2025-03-24,AAPL,181.14,internal
2025-03-25,AAPL,185.04,internal
2025-03-26,AAPL,187.61,internal
2025-03-27,AAPL,193.91,internal
2025-03-28,AAPL,196.52,internal
2025-03-31,AAPL,191.09,internal
2025-04-01,AAPL,190.91,internal
2025-04-02,AAPL,186.97,internal
2025-04-03,AAPL,185.28,internal
2025-04-04,AAPL,190.43,internal
2025-04-07,AAPL,192.68,internal
2025-04-08,AAPL,190.32,internal
2025-04-09,AAPL,186.92,internal
2025-04-10,AAPL,187.08,internal
2025-04-11,AAPL,183.08,internal
2025-04-14,AAPL,180.92,internal
2025-04-15,AAPL,181.99,internal
2025-04-16,AAPL,185.86,internal
2025-04-17,AAPL,187.95,internal
2025-04-18,AAPL,180.4,internal
2025-04-21,AAPL,181.44,internal
2025-04-22,AAPL,181.72,internal
2025-04-23,AAPL,183.13,internal
2025-04-24,AAPL,188.58,internal
2025-04-25,AAPL,181.75,internal
2025-04-28,AAPL,179.87,internal
2025-04-29,AAPL,181.84,internal
2025-04-30,AAPL,176.78,internal
2025-05-01,AAPL,181.58,internal
2025-05-02,AAPL,182.84,internal
2025-05-05,AAPL,185.69,internal
2025-05-06,AAPL,183.84,internal
2025-05-07,AAPL,186.6,internal
2025-05-08,AAPL,190.27,internal
2025-05-09,AAPL,191.12,internal
2025-05-12,AAPL,191.97,internal
2025-05-13,AAPL,192.96,internal
2025-05-14,AAPL,190.03,internal
2025-05-15,AAPL,189.57,internal
2025-05-16,AAPL,189.1,internal
2025-05-19,AAPL,190.46,internal
2025-05-20,AAPL,193.96,internal
2025-05-21,AAPL,190.35,internal
2025-05-22,AAPL,189.97,internal
2025-05-23,AAPL,195.15,internal
2025-05-26,AAPL,192.61,internal
2025-05-27,AAPL,189.82,internal
2025-05-28,AAPL,190.56,internal
2025-05-29,AAPL,193.53,internal
2025-05-30,AAPL,193.62,internal
2025-06-02,AAPL,198.36,internal
2025-06-03,AAPL,201.49,internal
2025-06-04,AAPL,204.62,internal
2025-06-05,AAPL,206.72,internal
2025-06-06,AAPL,215.62,internal
2025-06-09,AAPL,214.88,internal
2025-06-10,AAPL,207.32,internal
2025-06-11,AAPL,213.45,internal
2025-06-12,AAPL,211.75,internal
2025-06-13,AAPL,212.21,internal
2025-06-16,AAPL,217.33,internal
2025-06-17,AAPL,211.2,internal
2025-06-18,AAPL,206.55,internal
2025-06-19,AAPL,200.73,internal
2025-06-20,AAPL,197.93,internal
2025-06-23,AAPL,199.55,internal
2025-06-24,AAPL,201.5,internal
2025-06-25,AAPL,202.55,internal
2025-06-26,AAPL,197.52,internal
2025-06-27,AAPL,189.52,internal
2025-06-30,AAPL,189.75,internal
2025-07-01,AAPL,188.19,internal
2025-07-02,AAPL,189.8,internal
2025-07-03,AAPL,192.26,internal
2025-07-04,AAPL,192.79,internal
2025-07-07,AAPL,195.5,internal
2025-07-08,AAPL,196.35,internal
2025-07-09,AAPL,198.29,internal
2025-07-10,AAPL,195.84,internal
2025-07-11,AAPL,195.25,internal
2025-07-14,AAPL,195.99,internal
2025-07-15,AAPL,198.96,internal
2025-07-16,AAPL,197.6,internal
2025-07-17,AAPL,199.52,internal
2025-07-18,AAPL,198.61,internal
2025-07-21,AAPL,198.24,internal
2025-07-22,AAPL,201.28,internal
2025-07-23,AAPL,194.23,internal
2025-07-24,AAPL,189.8,internal
2025-07-25,AAPL,184.85,internal
2025-07-28,AAPL,177.29,internal
2025-07-29,AAPL,175.18,internal
2025-07-30,AAPL,177.61,internal
2025-07-31,AAPL,176.74,internal
2025-08-01,AAPL,177.42,internal
2025-08-04,AAPL,180.97,internal
2025-08-05,AAPL,185.4,internal
2025-08-06,AAPL,185.21,internal
2025-08-07,AAPL,189.83,internal
2025-08-08,AAPL,190.19,internal
2025-08-11,AAPL,187.39,internal
2025-08-12,AAPL,185.44,internal
2025-08-13,AAPL,180.61,internal
2025-08-14,AAPL,177.79,internal
2025-08-15,AAPL,176.7,internal
2025-08-18,AAPL,179.31,internal
2025-08-19,AAPL,185.0,internal
2025-08-20,AAPL,180.5,internal
2025-08-21,AAPL,181.83,internal
2025-08-22,AAPL,178.5,internal
2025-08-25,AAPL,180.07,internal
2025-08-26,AAPL,179.7,internal
2025-08-27,AAPL,173.91,internal
2025-08-28,AAPL,176.89,internal
2025-08-29,AAPL,175.02,internal
2025-09-01,AAPL,173.39,internal
2025-09-02,AAPL,170.12,internal
2025-09-03,AAPL,168.17,internal
2025-09-04,AAPL,169.51,internal
2025-09-05,AAPL,168.98,internal
2025-09-08,AAPL,170.02,internal
2025-09-09,AAPL,171.18,internal
2025-09-10,AAPL,175.34,internal
2025-09-11,AAPL,174.31,internal
2025-09-12,AAPL,169.78,internal
2025-09-15,AAPL,173.11,internal
2025-09-16,AAPL,172.12,internal
2025-09-17,AAPL,175.66,internal
2025-09-18,AAPL,176.92,internal
2025-09-19,AAPL,176.54,internal
2025-09-22,AAPL,177.7,internal
2025-09-23,AAPL,184.1,internal
2025-09-24,AAPL,191.16,internal
2025-09-25,AAPL,191.45,internal
2025-09-26,AAPL,192.05,internal
2025-09-29,AAPL,195.85,internal
2025-09-30,AAPL,192.94,internal
2025-10-01,AAPL,194.15,internal
2025-10-02,AAPL,194.11,internal
2025-10-03,AAPL,195.26,internal
2025-10-06,AAPL,192.4,internal
2025-10-07,AAPL,187.02,internal
2025-10-08,AAPL,180.21,internal
2025-10-09,AAPL,176.67,internal
2025-10-10,AAPL,175.26,internal
2025-10-13,AAPL,174.38,internal
2025-10-14,AAPL,180.61,internal
2025-10-15,AAPL,184.29,internal
2025-10-16,AAPL,181.17,internal
2025-10-17,AAPL,182.36,internal
2025-10-20,AAPL,181.07,internal
2025-10-21,AAPL,180.19,internal
2025-10-22,AAPL,180.84,internal
2025-10-23,AAPL,182.91,internal
2025-10-24,AAPL,181.84,internal
2025-10-27,AAPL,185.4,internal
2025-10-28,AAPL,181.68,internal
2025-10-29,AAPL,181.74,internal
2025-10-30,AAPL,190.49,internal
2025-10-31,AAPL,191.31,internal
2025-11-03,AAPL,196.35,internal
2025-11-04,AAPL,196.73,internal
2025-11-05,AAPL,198.84,internal
2025-11-06,AAPL,198.69,internal
2025-11-07,AAPL,198.13,internal
2025-11-10,AAPL,195.42,internal
2025-11-11,AAPL,196.99,internal
2025-11-12,AAPL,194.04,internal
2025-11-13,AAPL,196.43,internal
2025-11-14,AAPL,200.35,internal
2025-11-17,AAPL,201.73,internal
2025-11-18,AAPL,200.74,internal
2025-11-19,AAPL,202.44,internal
2025-11-20,AAPL,201.37,internal
2025-11-21,AAPL,204.84,internal
2025-11-24,AAPL,198.25,internal
2025-11-25,AAPL,197.1,internal
2025-11-26,AAPL,190.21,internal
2025-11-27,AAPL,185.21,internal
2025-11-28,AAPL,189.86,internal
2025-12-01,AAPL,192.99,internal
2025-12-02,AAPL,190.56,internal
2025-12-03,AAPL,185.52,internal
2025-12-04,AAPL,175.92,internal
2025-12-05,AAPL,174.25,internal
2025-12-08,AAPL,182.06,internal
2025-12-09,AAPL,183.53,internal
2025-12-10,AAPL,181.74,internal
2025-12-11,AAPL,183.31,internal
2025-12-12,AAPL,178.28,internal
2025-12-15,AAPL,177.37,internal
2025-12-16,AAPL,177.74,internal
2025-12-17,AAPL,177.5,internal
2025-12-18,AAPL,180.09,internal
2025-12-19,AAPL,181.26,internal
2025-12-22,AAPL,183.5,internal
2025-12-23,AAPL,181.29,internal
2025-12-24,AAPL,184.28,internal
2025-12-25,AAPL,189.82,internal
2025-12-26,AAPL,186.58,internal
2025-12-29,AAPL,183.66,internal
2025-12-30,AAPL,188.18,internal
2025-12-31,AAPL,187.58,internal
2026-01-01,AAPL,192.43,internal
2026-01-02,AAPL,190.95,internal
2026-01-05,AAPL,196.07,internal
2026-01-06,AAPL,196.58,internal
2026-01-07,AAPL,197.55,internal
2026-01-08,AAPL,203.24,internal
2026-01-09,AAPL,201.97,internal
2026-01-12,AAPL,198.63,internal
2026-01-13,AAPL,197.08,internal
2026-01-14,AAPL,198.74,internal
2026-01-15,AAPL,193.27,internal
2026-01-16,AAPL,195.55,internal
2026-01-19,AAPL,193.71,internal
2026-01-20,AAPL,197.8,internal
2026-01-21,AAPL,189.5,internal
2026-01-22,AAPL,186.89,internal
2026-01-23,AAPL,181.34,internal
2026-01-26,AAPL,178.71,internal
2026-01-27,AAPL,179.55,internal
2026-01-28,AAPL,179.02,internal
2026-01-29,AAPL,178.25,internal
2026-01-30,AAPL,177.79,internal
2026-02-02,AAPL,178.48,internal
2026-02-03,AAPL,175.32,internal
2026-02-04,AAPL,177.6,internal
2026-02-05,AAPL,179.78,internal
2026-02-06,AAPL,181.08,internal
2026-02-09,AAPL,182.94,internal
2026-02-10,AAPL,183.97,internal
2026-02-11,AAPL,190.88,internal
2026-02-12,AAPL,190.63,internal
2026-02-13,AAPL,189.63,internal
2026-02-16,AAPL,187.12,internal
2026-02-17,AAPL,183.72,internal
2026-02-18,AAPL,179.7,internal
2026-02-19,AAPL,176.89,internal
2026-02-20,AAPL,176.71,internal
2026-02-23,AAPL,177.82,internal
2026-02-24,AAPL,178.03,internal
2026-02-25,AAPL,175.63,internal
2026-02-26,AAPL,178.55,internal
2026-02-27,AAPL,180.98,internal
2026-03-02,AAPL,180.51,internal
2026-03-03,AAPL,178.45,internal
2026-03-04,AAPL,180.26,internal
2026-03-05,AAPL,180.92,internal
2026-03-06,AAPL,176.31,internal
2026-03-09,AAPL,176.14,internal
2026-03-10,AAPL,177.01,internal
2026-03-11,AAPL,174.21,internal
2026-03-12,AAPL,174.85,internal
2026-03-13,AAPL,170.38,internal
2026-03-16,AAPL,174.57,internal
2026-03-17,AAPL,178.58,internal
2026-03-18,AAPL,177.81,internal
2026-03-19,AAPL,179.02,internal
2026-03-20,AAPL,171.47,internal
2026-03-23,AAPL,167.98,internal
2026-03-24,AAPL,167.13,internal
2026-03-25,AAPL,163.98,internal
2026-03-26,AAPL,166.14,internal
2026-03-27,AAPL,172.27,internal
2026-03-30,AAPL,168.7,internal
2026-03-31,AAPL,166.22,internal
2024-01-01,MSFT,401.58,internal
2024-01-02,MSFT,392.93,internal
2024-01-03,MSFT,394.8,internal
2024-01-04,MSFT,408.06,internal
2024-01-05,MSFT,396.2,internal
2024-01-08,MSFT,387.27,internal
2024-01-09,MSFT,384.42,internal
2024-01-10,MSFT,380.93,internal
2024-01-11,MSFT,386.64,internal
2024-01-12,MSFT,388.43,internal
2024-01-15,MSFT,376.31,internal
2024-01-16,MSFT,379.91,internal
2024-01-17,MSFT,376.07,internal
2024-01-18,MSFT,384.9,internal
2024-01-19,MSFT,380.67,internal
2024-01-22,MSFT,376.42,internal
2024-01-23,MSFT,380.2,internal
2024-01-24,MSFT,385.56,internal
2024-01-25,MSFT,388.78,internal
2024-01-26,MSFT,377.25,internal
2024-01-29,MSFT,381.02,internal
2024-01-30,MSFT,374.08,internal
2024-01-31,MSFT,375.77,internal
2024-02-01,MSFT,366.35,internal
2024-02-02,MSFT,369.4,internal
2024-02-05,MSFT,364.16,internal
2024-02-06,MSFT,355.94,internal
2024-02-07,MSFT,360.64,internal
2024-02-08,MSFT,362.3,internal
2024-02-09,MSFT,358.41,internal
2024-02-12,MSFT,367.98,internal
2024-02-13,MSFT,365.17,internal
2024-02-14,MSFT,365.47,internal
2024-02-15,MSFT,367.33,internal
2024-02-16,MSFT,363.35,internal
2024-02-19,MSFT,366.54,internal
2024-02-20,MSFT,363.12,internal
2024-02-21,MSFT,360.53,internal
2024-02-22,MSFT,369.58,internal
2024-02-23,MSFT,362.81,internal
2024-02-26,MSFT,347.48,internal
2024-02-27,MSFT,357.79,internal
2024-02-28,MSFT,374.69,internal
2024-02-29,MSFT,372.06,internal
2024-03-01,MSFT,359.4,internal
2024-03-04,MSFT,357.48,internal
2024-03-05,MSFT,355.74,internal
2024-03-06,MSFT,354.61,internal
2024-03-07,MSFT,347.66,internal
2024-03-08,MSFT,351.4,internal
2024-03-11,MSFT,354.82,internal
2024-03-12,MSFT,345.49,internal
2024-03-13,MSFT,349.95,internal
2024-03-14,MSFT,363.21,internal
2024-03-15,MSFT,364.43,internal
2024-03-18,MSFT,362.31,internal
2024-03-19,MSFT,361.48,internal
2024-03-20,MSFT,365.6,internal
2024-03-21,MSFT,354.47,internal
2024-03-22,MSFT,355.61,internal
2024-03-25,MSFT,353.21,internal
2024-03-26,MSFT,365.25,internal
2024-03-27,MSFT,364.19,internal
2024-03-28,MSFT,375.39,internal
2024-03-29,MSFT,368.09,internal
2024-04-01,MSFT,372.1,internal
2024-04-02,MSFT,374.34,internal
2024-04-03,MSFT,368.62,internal
2024-04-04,MSFT,369.89,internal
2024-04-05,MSFT,378.15,internal
2024-04-08,MSFT,376.04,internal
2024-04-09,MSFT,364.86,internal
2024-04-10,MSFT,364.83,internal
2024-04-11,MSFT,359.04,internal
2024-04-12,MSFT,356.93,internal
2024-04-15,MSFT,356.49,internal
2024-04-16,MSFT,345.8,internal
2024-04-17,MSFT,335.97,internal
2024-04-18,MSFT,338.98,internal
2024-04-19,MSFT,335.89,internal
2024-04-22,MSFT,320.82,internal
2024-04-23,MSFT,325.47,internal
2024-04-24,MSFT,327.15,internal
2024-04-25,MSFT,323.05,internal
2024-04-26,MSFT,315.56,internal
2024-04-29,MSFT,320.43,internal
2024-04-30,MSFT,322.53,internal
2024-05-01,MSFT,336.75,internal
2024-05-02,MSFT,339.39,internal
2024-05-03,MSFT,341.85,internal
2024-05-06,MSFT,340.91,internal
2024-05-07,MSFT,346.04,internal
2024-05-08,MSFT,350.05,internal
2024-05-09,MSFT,358.11,internal
2024-05-10,MSFT,354.86,internal
2024-05-13,MSFT,352.17,internal
2024-05-14,MSFT,349.24,internal
2024-05-15,MSFT,354.33,internal
2024-05-16,MSFT,364.11,internal
2024-05-17,MSFT,361.21,internal
2024-05-20,MSFT,358.54,internal
2024-05-21,MSFT,360.67,internal
2024-05-22,MSFT,359.17,internal
2024-05-23,MSFT,365.47,internal
2024-05-24,MSFT,351.04,internal
2024-05-27,MSFT,345.94,internal
2024-05-28,MSFT,341.18,internal
2024-05-29,MSFT,327.31,internal
2024-05-30,MSFT,321.76,internal
2024-05-31,MSFT,316.58,internal
2024-06-03,MSFT,315.52,internal
2024-06-04,MSFT,321.98,internal
2024-06-05,MSFT,320.65,internal
2024-06-06,MSFT,314.83,internal
2024-06-07,MSFT,314.59,internal
2024-06-10,MSFT,320.67,internal
2024-06-11,MSFT,315.16,internal
2024-06-12,MSFT,310.11,internal
2024-06-13,MSFT,313.33,internal
2024-06-14,MSFT,312.16,internal
2024-06-17,MSFT,315.9,internal
2024-06-18,MSFT,315.9,internal
2024-06-19,MSFT,319.99,internal
2024-06-20,MSFT,314.16,internal
2024-06-21,MSFT,314.17,internal
2024-06-24,MSFT,313.06,internal
2024-06-25,MSFT,306.36,internal
2024-06-26,MSFT,297.93,internal
2024-06-27,MSFT,301.71,internal
2024-06-28,MSFT,299.89,internal
2024-07-01,MSFT,294.49,internal
2024-07-02,MSFT,294.06,internal
2024-07-03,MSFT,300.16,internal
2024-07-04,MSFT,288.16,internal
2024-07-05,MSFT,280.57,internal
2024-07-08,MSFT,276.02,internal
2024-07-09,MSFT,283.45,internal
2024-07-10,MSFT,284.96,internal
2024-07-11,MSFT,289.0,internal
2024-07-12,MSFT,283.2,internal
2024-07-15,MSFT,277.62,internal
2024-07-16,MSFT,279.93,internal
2024-07-17,MSFT,280.3,internal
2024-07-18,MSFT,283.15,internal
2024-07-19,MSFT,282.27,internal
2024-07-22,MSFT,283.75,internal
2024-07-23,MSFT,284.63,internal
2024-07-24,MSFT,288.72,internal
2024-07-25,MSFT,293.02,internal
2024-07-26,MSFT,284.67,internal
2024-07-29,MSFT,273.45,internal
2024-07-30,MSFT,278.5,internal
2024-07-31,MSFT,284.59,internal
2024-08-01,MSFT,279.47,internal
2024-08-02,MSFT,270.34,internal
2024-08-05,MSFT,270.89,internal
2024-08-06,MSFT,275.54,internal
2024-08-07,MSFT,284.67,internal
2024-08-08,MSFT,287.4,internal
2024-08-09,MSFT,285.55,internal
2024-08-12,MSFT,281.07,internal
2024-08-13,MSFT,281.2,internal
2024-08-14,MSFT,279.76,internal
2024-08-15,MSFT,274.76,internal
2024-08-16,MSFT,285.15,internal
2024-08-19,MSFT,294.54,internal
2024-08-20,MSFT,300.7,internal
2024-08-21,MSFT,295.83,internal
2024-08-22,MSFT,300.49,internal
2024-08-23,MSFT,304.05,internal
2024-08-26,MSFT,306.56,internal
2024-08-27,MSFT,313.61,internal
2024-08-28,MSFT,317.3,internal
2024-08-29,MSFT,321.63,internal
2024-08-30,MSFT,325.42,internal
2024-09-02,MSFT,327.51,internal
2024-09-03,MSFT,317.24,internal
2024-09-04,MSFT,317.8,internal
2024-09-05,MSFT,314.71,internal
2024-09-06,MSFT,307.62,internal
2024-09-09,MSFT,317.15,internal
2024-09-10,MSFT,327.26,internal
2024-09-11,MSFT,335.45,internal
2024-09-12,MSFT,337.08,internal
2024-09-13,MSFT,345.46,internal
2024-09-16,MSFT,345.62,internal
2024-09-17,MSFT,346.97,internal
2024-09-18,MSFT,340.29,internal
2024-09-19,MSFT,342.82,internal
2024-09-20,MSFT,343.28,internal
2024-09-23,MSFT,335.41,internal
2024-09-24,MSFT,335.18,internal
2024-09-25,MSFT,334.78,internal
2024-09-26,MSFT,345.88,internal
2024-09-27,MSFT,351.58,internal
2024-09-30,MSFT,351.74,internal
2024-10-01,MSFT,353.41,internal
2024-10-02,MSFT,353.78,internal
2024-10-03,MSFT,352.58,internal
2024-10-04,MSFT,345.86,internal
2024-10-07,MSFT,345.01,internal
2024-10-08,MSFT,340.49,internal
2024-10-09,MSFT,333.0,internal
2024-10-10,MSFT,336.16,internal
2024-10-11,MSFT,338.62,internal
2024-10-14,MSFT,327.98,internal
2024-10-15,MSFT,327.34,internal
2024-10-16,MSFT,333.34,internal
2024-10-17,MSFT,339.85,internal
2024-10-18,MSFT,346.27,internal
2024-10-21,MSFT,346.6,internal
2024-10-22,MSFT,341.45,internal
2024-10-23,MSFT,334.94,internal
2024-10-24,MSFT,337.1,internal
2024-10-25,MSFT,339.5,internal
2024-10-28,MSFT,347.54,internal
2024-10-29,MSFT,354.58,internal
2024-10-30,MSFT,353.83,internal
2024-10-31,MSFT,346.08,internal
2024-11-01,MSFT,344.18,internal
2024-11-04,MSFT,345.62,internal
2024-11-05,MSFT,344.45,internal
2024-11-06,MSFT,340.97,internal
2024-11-07,MSFT,342.61,internal
2024-11-08,MSFT,339.6,internal
2024-11-11,MSFT,335.87,internal
2024-11-12,MSFT,337.84,internal
2024-11-13,MSFT,335.49,internal
2024-11-14,MSFT,337.05,internal
2024-11-15,MSFT,338.8,internal
2024-11-18,MSFT,332.0,internal
2024-11-19,MSFT,329.22,internal
2024-11-20,MSFT,337.94,internal
2024-11-21,MSFT,331.02,internal
2024-11-22,MSFT,318.73,internal
2024-11-25,MSFT,308.3,internal
2024-11-26,MSFT,308.54,internal
2024-11-27,MSFT,308.79,internal
2024-11-28,MSFT,308.21,internal
2024-11-29,MSFT,315.1,internal
2024-12-02,MSFT,300.38,internal
2024-12-03,MSFT,302.6,internal
2024-12-04,MSFT,311.3,internal
2024-12-05,MSFT,305.12,internal
2024-12-06,MSFT,303.12,internal
2024-12-09,MSFT,299.12,internal
2024-12-10,MSFT,294.41,internal
2024-12-11,MSFT,292.76,internal
2024-12-12,MSFT,300.46,internal
2024-12-13,MSFT,310.64,internal
2024-12-16,MSFT,308.84,internal
2024-12-17,MSFT,319.7,internal
2024-12-18,MSFT,319.98,internal
2024-12-19,MSFT,330.33,internal
2024-12-20,MSFT,329.85,internal
2024-12-23,MSFT,330.72,internal
2024-12-24,MSFT,332.98,internal
2024-12-25,MSFT,352.68,internal
2024-12-26,MSFT,358.21,internal
2024-12-27,MSFT,353.77,internal
2024-12-30,MSFT,360.08,internal
2024-12-31,MSFT,357.84,internal
2025-01-01,MSFT,354.78,internal
2025-01-02,MSFT,360.73,internal
2025-01-03,MSFT,361.02,internal
2025-01-06,MSFT,362.92,internal
2025-01-07,MSFT,363.1,internal
2025-01-08,MSFT,365.4,internal
2025-01-09,MSFT,368.3,internal
2025-01-10,MSFT,355.77,internal
2025-01-13,MSFT,360.15,internal
2025-01-14,MSFT,353.93,internal
2025-01-15,MSFT,344.95,internal
2025-01-16,MSFT,344.67,internal
2025-01-17,MSFT,345.28,internal
2025-01-20,MSFT,341.08,internal
2025-01-21,MSFT,346.31,internal
2025-01-22,MSFT,338.13,internal
2025-01-23,MSFT,335.74,internal
2025-01-24,MSFT,332.31,internal
2025-01-27,MSFT,332.11,internal
2025-01-28,MSFT,333.87,internal
2025-01-29,MSFT,327.95,internal
2025-01-30,MSFT,332.34,internal
2025-01-31,MSFT,332.8,internal
2025-02-03,MSFT,321.73,internal
2025-02-04,MSFT,310.67,internal
2025-02-05,MSFT,310.67,internal
2025-02-06,MSFT,309.52,internal
2025-02-07,MSFT,309.02,internal
2025-02-10,MSFT,308.94,internal
2025-02-11,MSFT,310.28,internal
2025-02-12,MSFT,315.69,internal
2025-02-13,MSFT,309.52,internal
2025-02-14,MSFT,303.13,internal
2025-02-17,MSFT,297.3,internal
2025-02-18,MSFT,298.93,internal
2025-02-19,MSFT,305.78,internal
2025-02-20,MSFT,303.49,internal
2025-02-21,MSFT,290.2,internal
2025-02-24,MSFT,281.5,internal
2025-02-25,MSFT,277.38,internal
2025-02-26,MSFT,274.68,internal
2025-02-27,MSFT,272.74,internal
2025-02-28,MSFT,272.99,internal
2025-03-03,MSFT,271.53,internal
2025-03-04,MSFT,276.78,internal
2025-03-05,MSFT,273.5,internal
2025-03-06,MSFT,269.36,internal
2025-03-07,MSFT,271.76,internal
2025-03-10,MSFT,264.41,internal
2025-03-11,MSFT,266.34,internal
2025-03-12,MSFT,266.9,internal
2025-03-13,MSFT,266.26,internal
2025-03-14,MSFT,274.05,internal
2025-03-17,MSFT,271.07,internal
2025-03-18,MSFT,281.38,internal
2025-03-19,MSFT,280.31,internal
2025-03-20,MSFT,274.01,internal
2025-03-21,MSFT,274.42,internal
2025-03-24,MSFT,269.22,internal
2025-03-25,MSFT,265.67,internal
2025-03-26,MSFT,267.64,internal
2025-03-27,MSFT,270.4,internal
2025-03-28,MSFT,267.46,internal
2025-03-31,MSFT,272.32,internal
2025-04-01,MSFT,278.12,internal
2025-04-02,MSFT,285.48,internal
2025-04-03,MSFT,288.28,internal
2025-04-04,MSFT,295.52,internal
2025-04-07,MSFT,285.75,internal
2025-04-08,MSFT,284.2,internal
2025-04-09,MSFT,279.86,internal
2025-04-10,MSFT,280.54,internal
2025-04-11,MSFT,277.73,internal
2025-04-14,MSFT,276.97,internal
2025-04-15,MSFT,286.59,internal
2025-04-16,MSFT,285.79,internal
2025-04-17,MSFT,288.0,internal
2025-04-18,MSFT,286.87,internal
2025-04-21,MSFT,287.33,internal
2025-04-22,MSFT,287.43,internal
2025-04-23,MSFT,289.83,internal
2025-04-24,MSFT,296.05,internal
2025-04-25,MSFT,305.04,internal
2025-04-28,MSFT,306.82,internal
2025-04-29,MSFT,310.17,internal
2025-04-30,MSFT,303.89,internal
2025-05-01,MSFT,303.48,internal
2025-05-02,MSFT,308.74,internal
2025-05-05,MSFT,313.67,internal
2025-05-06,MSFT,314.94,internal
2025-05-07,MSFT,320.09,internal
2025-05-08,MSFT,323.01,internal
2025-05-09,MSFT,330.15,internal
2025-05-12,MSFT,331.95,internal
2025-05-13,MSFT,329.92,internal
2025-05-14,MSFT,332.0,internal
2025-05-15,MSFT,315.02,internal
2025-05-16,MSFT,317.28,internal
2025-05-19,MSFT,297.19,internal
2025-05-20,MSFT,288.18,internal
2025-05-21,MSFT,290.61,internal
2025-05-22,MSFT,293.19,internal
2025-05-23,MSFT,287.19,internal
2025-05-26,MSFT,283.6,internal
2025-05-27,MSFT,290.76,internal
2025-05-28,MSFT,288.31,internal
2025-05-29,MSFT,300.26,internal
2025-05-30,MSFT,300.33,internal
2025-06-02,MSFT,302.62,internal
2025-06-03,MSFT,311.63,internal
2025-06-04,MSFT,312.44,internal
2025-06-05,MSFT,306.93,internal
2025-06-06,MSFT,306.4,internal
2025-06-09,MSFT,306.29,internal
2025-06-10,MSFT,298.93,internal
2025-06-11,MSFT,297.63,internal
2025-06-12,MSFT,293.75,internal
2025-06-13,MSFT,298.76,internal
2025-06-16,MSFT,299.02,internal
2025-06-17,MSFT,297.57,internal
2025-06-18,MSFT,297.08,internal
2025-06-19,MSFT,298.35,internal
2025-06-20,MSFT,301.76,internal
2025-06-23,MSFT,296.45,internal
2025-06-24,MSFT,291.01,internal
2025-06-25,MSFT,296.93,internal
2025-06-26,MSFT,294.81,internal
2025-06-27,MSFT,287.46,internal
2025-06-30,MSFT,289.84,internal
2025-07-01,MSFT,292.34,internal
2025-07-02,MSFT,284.46,internal
2025-07-03,MSFT,285.71,internal
2025-07-04,MSFT,289.59,internal
2025-07-07,MSFT,291.62,internal
2025-07-08,MSFT,295.03,internal
2025-07-09,MSFT,287.74,internal
2025-07-10,MSFT,289.53,internal
2025-07-11,MSFT,288.03,internal
2025-07-14,MSFT,285.61,internal
2025-07-15,MSFT,290.2,internal
2025-07-16,MSFT,298.1,internal
2025-07-17,MSFT,307.96,internal
2025-07-18,MSFT,315.42,internal
2025-07-21,MSFT,314.87,internal
2025-07-22,MSFT,316.96,internal
2025-07-23,MSFT,321.45,internal
2025-07-24,MSFT,322.23,internal
2025-07-25,MSFT,323.07,internal
2025-07-28,MSFT,327.98,internal
2025-07-29,MSFT,327.71,internal
2025-07-30,MSFT,323.51,internal
2025-07-31,MSFT,321.19,internal
2025-08-01,MSFT,324.96,internal
2025-08-04,MSFT,325.06,internal
2025-08-05,MSFT,327.13,internal
2025-08-06,MSFT,331.19,internal
2025-08-07,MSFT,329.04,internal
2025-08-08,MSFT,333.64,internal
2025-08-11,MSFT,336.0,internal
2025-08-12,MSFT,328.7,internal
2025-08-13,MSFT,337.43,internal
2025-08-14,MSFT,334.48,internal
2025-08-15,MSFT,324.75,internal
2025-08-18,MSFT,318.78,internal
2025-08-19,MSFT,313.05,internal
2025-08-20,MSFT,313.42,internal
2025-08-21,MSFT,311.96,internal
2025-08-22,MSFT,310.15,internal
2025-08-25,MSFT,313.71,internal
2025-08-26,MSFT,315.71,internal
2025-08-27,MSFT,317.59,internal
2025-08-28,MSFT,320.02,internal
2025-08-29,MSFT,323.67,internal
2025-09-01,MSFT,311.7,internal
2025-09-02,MSFT,309.74,internal
2025-09-03,MSFT,297.89,internal
2025-09-04,MSFT,298.16,internal
2025-09-05,MSFT,298.21,internal
2025-09-08,MSFT,303.95,internal
2025-09-09,MSFT,310.6,internal
2025-09-10,MSFT,311.81,internal
2025-09-11,MSFT,309.09,internal
2025-09-12,MSFT,311.88,internal
2025-09-15,MSFT,309.01,internal
2025-09-16,MSFT,309.08,internal
2025-09-17,MSFT,314.69,internal
2025-09-18,MSFT,311.63,internal
2025-09-19,MSFT,316.26,internal
2025-09-22,MSFT,320.22,internal
2025-09-23,MSFT,314.84,internal
2025-09-24,MSFT,320.49,internal
2025-09-25,MSFT,324.63,internal
2025-09-26,MSFT,325.3,internal
2025-09-29,MSFT,320.95,internal
2025-09-30,MSFT,316.1,internal
2025-10-01,MSFT,313.14,internal
2025-10-02,MSFT,316.29,internal
2025-10-03,MSFT,310.97,internal
2025-10-06,MSFT,313.51,internal
2025-10-07,MSFT,306.66,internal
2025-10-08,MSFT,305.61,internal
2025-10-09,MSFT,306.29,internal
2025-10-10,MSFT,320.15,internal
2025-10-13,MSFT,312.39,internal
2025-10-14,MSFT,320.86,internal
2025-10-15,MSFT,321.8,internal
2025-10-16,MSFT,324.28,internal
2025-10-17,MSFT,325.05,internal
2025-10-20,MSFT,327.74,internal
2025-10-21,MSFT,326.92,internal
2025-10-22,MSFT,335.67,internal
2025-10-23,MSFT,333.01,internal
2025-10-24,MSFT,339.95,internal
2025-10-27,MSFT,336.12,internal
2025-10-28,MSFT,335.83,internal
2025-10-29,MSFT,329.5,internal
2025-10-30,MSFT,332.29,internal
2025-10-31,MSFT,341.13,internal
2025-11-03,MSFT,340.74,internal
2025-11-04,MSFT,339.62,internal
2025-11-05,MSFT,332.96,internal
2025-11-06,MSFT,331.67,internal
2025-11-07,MSFT,322.38,internal
2025-11-10,MSFT,317.2,internal
2025-11-11,MSFT,318.58,internal
2025-11-12,MSFT,326.32,internal
2025-11-13,MSFT,343.33,internal
2025-11-14,MSFT,339.81,internal
2025-11-17,MSFT,348.79,internal
2025-11-18,MSFT,350.41,internal
2025-11-19,MSFT,349.54,internal
2025-11-20,MSFT,352.36,internal
2025-11-21,MSFT,352.85,internal
2025-11-24,MSFT,353.64,internal
2025-11-25,MSFT,351.13,internal
2025-11-26,MSFT,342.49,internal
2025-11-27,MSFT,333.19,internal
2025-11-28,MSFT,337.22,internal
2025-12-01,MSFT,335.63,internal
2025-12-02,MSFT,332.13,internal
2025-12-03,MSFT,332.26,internal
2025-12-04,MSFT,337.13,internal
2025-12-05,MSFT,338.31,internal
2025-12-08,MSFT,334.43,internal
2025-12-09,MSFT,341.98,internal
2025-12-10,MSFT,351.92,internal
2025-12-11,MSFT,355.16,internal
2025-12-12,MSFT,361.53,internal
2025-12-15,MSFT,369.79,internal
2025-12-16,MSFT,377.49,internal
2025-12-17,MSFT,381.78,internal
2025-12-18,MSFT,386.01,internal
2025-12-19,MSFT,389.73,internal
2025-12-22,MSFT,382.21,internal
2025-12-23,MSFT,387.16,internal
2025-12-24,MSFT,377.92,internal
2025-12-25,MSFT,372.64,internal
2025-12-26,MSFT,381.59,internal
2025-12-29,MSFT,387.5,internal
2025-12-30,MSFT,398.11,internal
2025-12-31,MSFT,396.27,internal
2026-01-01,MSFT,388.23,internal
2026-01-02,MSFT,386.65,internal
2026-01-05,MSFT,387.46,internal
2026-01-06,MSFT,388.11,internal
2026-01-07,MSFT,396.21,internal
2026-01-08,MSFT,393.74,internal
2026-01-09,MSFT,396.34,internal
2026-01-12,MSFT,389.45,internal
2026-01-13,MSFT,392.71,internal
2026-01-14,MSFT,392.83,internal
2026-01-15,MSFT,387.66,internal
2026-01-16,MSFT,386.12,internal
2026-01-19,MSFT,384.94,internal
2026-01-20,MSFT,383.17,internal
2026-01-21,MSFT,395.68,internal
2026-01-22,MSFT,395.08,internal
2026-01-23,MSFT,393.44,internal
2026-01-26,MSFT,378.96,internal
2026-01-27,MSFT,373.0,internal
2026-01-28,MSFT,371.33,internal
2026-01-29,MSFT,366.87,internal
2026-01-30,MSFT,376.2,internal
2026-02-02,MSFT,375.18,internal
2026-02-03,MSFT,384.08,internal
2026-02-04,MSFT,384.6,internal
2026-02-05,MSFT,384.96,internal
2026-02-06,MSFT,384.44,internal
2026-02-09,MSFT,384.56,internal
2026-02-10,MSFT,396.74,internal
2026-02-11,MSFT,380.62,internal
2026-02-12,MSFT,367.24,internal
2026-02-13,MSFT,363.76,internal
2026-02-16,MSFT,363.94,internal
2026-02-17,MSFT,368.58,internal
2026-02-18,MSFT,371.83,internal
2026-02-19,MSFT,369.36,internal
2026-02-20,MSFT,376.29,internal
2026-02-23,MSFT,383.43,internal
2026-02-24,MSFT,384.8,internal
2026-02-25,MSFT,391.62,internal
2026-02-26,MSFT,393.65,internal
2026-02-27,MSFT,389.78,internal
2026-03-02,MSFT,394.81,internal
2026-03-03,MSFT,395.7,internal
2026-03-04,MSFT,395.8,internal
2026-03-05,MSFT,406.54,internal
2026-03-06,MSFT,389.09,internal
2026-03-09,MSFT,379.38,internal
2026-03-10,MSFT,371.46,internal
2026-03-11,MSFT,369.13,internal
2026-03-12,MSFT,367.53,internal
2026-03-13,MSFT,357.78,internal
2026-03-16,MSFT,351.58,internal
2026-03-17,MSFT,346.26,internal
2026-03-18,MSFT,362.01,internal
2026-03-19,MSFT,374.04,internal
2026-03-20,MSFT,371.37,internal
2026-03-23,MSFT,369.04,internal
2026-03-24,MSFT,361.58,internal
2026-03-25,MSFT,349.46,internal
2026-03-26,MSFT,348.81,internal
2026-03-27,MSFT,342.69,internal
2026-03-30,MSFT,342.25,internal
2026-03-31,MSFT,332.61,internal
2024-01-01,GOOGL,145.42,internal
2024-01-02,GOOGL,146.42,internal
2024-01-03,GOOGL,147.56,internal
2024-01-04,GOOGL,144.13,internal
2024-01-05,GOOGL,146.41,internal
2024-01-08,GOOGL,144.35,internal
2024-01-09,GOOGL,146.04,internal
2024-01-10,GOOGL,146.05,internal
2024-01-11,GOOGL,142.51,internal
2024-01-12,GOOGL,141.74,internal
2024-01-15,GOOGL,142.71,internal
2024-01-16,GOOGL,144.33,internal
2024-01-17,GOOGL,144.0,internal
2024-01-18,GOOGL,148.06,internal
2024-01-19,GOOGL,150.81,internal
2024-01-22,GOOGL,150.15,internal
2024-01-23,GOOGL,152.23,internal
2024-01-24,GOOGL,157.66,internal
2024-01-25,GOOGL,163.36,internal
2024-01-26,GOOGL,159.83,internal
2024-01-29,GOOGL,157.23,internal
2024-01-30,GOOGL,161.53,internal
2024-01-31,GOOGL,158.52,internal
2024-02-01,GOOGL,154.83,internal
2024-02-02,GOOGL,153.52,internal
2024-02-05,GOOGL,154.72,internal
2024-02-06,GOOGL,154.47,internal
2024-02-07,GOOGL,152.71,internal
2024-02-08,GOOGL,150.91,internal
2024-02-09,GOOGL,149.02,internal
2024-02-12,GOOGL,146.72,internal
2024-02-13,GOOGL,152.91,internal
2024-02-14,GOOGL,153.77,internal
2024-02-15,GOOGL,156.28,internal
2024-02-16,GOOGL,154.95,internal
2024-02-19,GOOGL,154.47,internal
2024-02-20,GOOGL,152.54,internal
2024-02-21,GOOGL,145.47,internal
2024-02-22,GOOGL,141.94,internal
2024-02-23,GOOGL,137.42,internal
2024-02-26,GOOGL,132.0,internal
2024-02-27,GOOGL,129.22,internal
2024-02-28,GOOGL,132.37,internal
2024-02-29,GOOGL,132.3,internal
2024-03-01,GOOGL,135.44,internal
2024-03-04,GOOGL,136.48,internal
2024-03-05,GOOGL,138.46,internal
2024-03-06,GOOGL,136.26,internal
2024-03-07,GOOGL,137.59,internal
2024-03-08,GOOGL,139.44,internal
2024-03-11,GOOGL,138.03,internal
2024-03-12,GOOGL,139.47,internal
2024-03-13,GOOGL,140.93,internal
2024-03-14,GOOGL,139.58,internal
2024-03-15,GOOGL,136.82,internal
2024-03-18,GOOGL,133.97,internal
2024-03-19,GOOGL,134.21,internal
2024-03-20,GOOGL,135.04,internal
2024-03-21,GOOGL,133.16,internal
2024-03-22,GOOGL,133.25,internal
2024-03-25,GOOGL,134.66,internal
2024-03-26,GOOGL,136.2,internal
2024-03-27,GOOGL,140.1,internal
2024-03-28,GOOGL,143.39,internal
2024-03-29,GOOGL,140.86,internal
2024-04-01,GOOGL,145.23,internal
2024-04-02,GOOGL,143.89,internal
2024-04-03,GOOGL,146.66,internal
2024-04-04,GOOGL,146.87,internal
2024-04-05,GOOGL,145.82,internal
2024-04-08,GOOGL,141.19,internal
2024-04-09,GOOGL,140.79,internal
2024-04-10,GOOGL,136.93,internal
2024-04-11,GOOGL,139.37,internal
2024-04-12,GOOGL,143.26,internal
2024-04-15,GOOGL,141.26,internal
2024-04-16,GOOGL,142.06,internal
2024-04-17,GOOGL,140.25,internal
2024-04-18,GOOGL,138.71,internal
2024-04-19,GOOGL,140.69,internal
2024-04-22,GOOGL,140.63,internal
2024-04-23,GOOGL,145.14,internal
2024-04-24,GOOGL,143.92,internal
2024-04-25,GOOGL,146.57,internal
2024-04-26,GOOGL,146.87,internal
2024-04-29,GOOGL,149.02,internal
2024-04-30,GOOGL,147.86,internal
2024-05-01,GOOGL,147.77,internal
2024-05-02,GOOGL,147.5,internal
2024-05-03,GOOGL,145.33,internal
2024-05-06,GOOGL,147.11,internal
2024-05-07,GOOGL,148.88,internal
2024-05-08,GOOGL,150.52,internal
2024-05-09,GOOGL,154.78,internal
2024-05-10,GOOGL,158.91,internal
2024-05-13,GOOGL,157.88,internal
2024-05-14,GOOGL,158.98,internal
2024-05-15,GOOGL,157.25,internal
2024-05-16,GOOGL,157.35,internal
2024-05-17,GOOGL,155.7,internal
2024-05-20,GOOGL,160.35,internal
2024-05-21,GOOGL,161.44,internal
2024-05-22,GOOGL,160.85,internal
2024-05-23,GOOGL,164.39,internal
2024-05-24,GOOGL,158.13,internal
2024-05-27,GOOGL,152.53,internal
2024-05-28,GOOGL,154.77,internal
2024-05-29,GOOGL,154.98,internal
2024-05-30,GOOGL,155.72,internal
2024-05-31,GOOGL,152.08,internal
2024-06-03,GOOGL,152.06,internal
2024-06-04,GOOGL,157.68,internal
2024-06-05,GOOGL,160.08,internal
2024-06-06,GOOGL,160.61,internal
2024-06-07,GOOGL,159.38,internal
2024-06-10,GOOGL,158.3,internal
2024-06-11,GOOGL,152.38,internal
2024-06-12,GOOGL,153.13,internal
2024-06-13,GOOGL,155.52,internal
2024-06-14,GOOGL,151.21,internal
2024-06-17,GOOGL,149.45,internal
2024-06-18,GOOGL,146.41,internal
2024-06-19,GOOGL,143.92,internal
2024-06-20,GOOGL,144.1,internal
2024-06-21,GOOGL,138.83,internal
2024-06-24,GOOGL,140.4,internal
2024-06-25,GOOGL,142.36,internal
2024-06-26,GOOGL,141.75,internal
2024-06-27,GOOGL,135.59,internal
2024-06-28,GOOGL,133.22,internal
2024-07-01,GOOGL,136.24,internal
2024-07-02,GOOGL,129.63,internal
2024-07-03,GOOGL,128.85,internal
2024-07-04,GOOGL,126.18,internal
2024-07-05,GOOGL,128.05,internal
2024-07-08,GOOGL,126.53,internal
2024-07-09,GOOGL,127.49,internal
2024-07-10,GOOGL,128.83,internal
2024-07-11,GOOGL,133.19,internal
2024-07-12,GOOGL,132.74,internal
2024-07-15,GOOGL,133.67,internal
2024-07-16,GOOGL,130.18,internal
2024-07-17,GOOGL,133.03,internal
2024-07-18,GOOGL,131.25,internal
2024-07-19,GOOGL,129.97,internal
2024-07-22,GOOGL,129.95,internal
2024-07-23,GOOGL,126.38,internal
2024-07-24,GOOGL,126.93,internal
2024-07-25,GOOGL,129.19,internal
2024-07-26,GOOGL,129.91,internal
2024-07-29,GOOGL,126.27,internal
2024-07-30,GOOGL,126.03,internal
2024-07-31,GOOGL,127.75,internal
2024-08-01,GOOGL,123.54,internal
2024-08-02,GOOGL,121.2,internal
2024-08-05,GOOGL,123.16,internal
2024-08-06,GOOGL,123.79,internal
2024-08-07,GOOGL,124.74,internal
2024-08-08,GOOGL,129.02,internal
2024-08-09,GOOGL,130.14,internal
2024-08-12,GOOGL,131.73,internal
2024-08-13,GOOGL,138.35,internal
2024-08-14,GOOGL,137.85,internal
2024-08-15,GOOGL,135.92,internal
2024-08-16,GOOGL,137.01,internal
2024-08-19,GOOGL,138.13,internal
2024-08-20,GOOGL,136.86,internal
2024-08-21,GOOGL,134.37,internal
2024-08-22,GOOGL,140.11,internal
2024-08-23,GOOGL,140.97,internal
2024-08-26,GOOGL,139.16,internal
2024-08-27,GOOGL,141.51,internal
2024-08-28,GOOGL,141.27,internal
2024-08-29,GOOGL,140.66,internal
2024-08-30,GOOGL,142.13,internal
2024-09-02,GOOGL,138.9,internal
2024-09-03,GOOGL,139.82,internal
2024-09-04,GOOGL,144.75,internal
2024-09-05,GOOGL,146.01,internal
2024-09-06,GOOGL,145.06,internal
2024-09-09,GOOGL,143.78,internal
2024-09-10,GOOGL,142.75,internal
2024-09-11,GOOGL,142.14,internal
2024-09-12,GOOGL,141.21,internal
2024-09-13,GOOGL,143.59,internal
2024-09-16,GOOGL,139.22,internal
2024-09-17,GOOGL,141.43,internal
2024-09-18,GOOGL,140.5,internal
2024-09-19,GOOGL,141.49,internal
2024-09-20,GOOGL,138.69,internal
2024-09-23,GOOGL,142.08,internal
2024-09-24,GOOGL,145.34,internal
2024-09-25,GOOGL,147.91,internal
2024-09-26,GOOGL,143.96,internal
2024-09-27,GOOGL,146.17,internal
2024-09-30,GOOGL,147.27,internal
2024-10-01,GOOGL,143.11,internal
2024-10-02,GOOGL,143.09,internal
2024-10-03,GOOGL,144.06,internal
2024-10-04,GOOGL,145.55,internal
2024-10-07,GOOGL,146.05,internal
2024-10-08,GOOGL,146.86,internal
2024-10-09,GOOGL,150.84,internal
2024-10-10,GOOGL,154.24,internal
2024-10-11,GOOGL,146.52,internal
2024-10-14,GOOGL,145.72,internal
2024-10-15,GOOGL,145.33,internal
2024-10-16,GOOGL,140.85,internal
2024-10-17,GOOGL,141.13,internal
2024-10-18,GOOGL,144.37,internal
2024-10-21,GOOGL,141.61,internal
2024-10-22,GOOGL,142.51,internal
2024-10-23,GOOGL,140.21,internal
2024-10-24,GOOGL,138.56,internal
2024-10-25,GOOGL,142.33,internal
2024-10-28,GOOGL,140.98,internal
2024-10-29,GOOGL,142.2,internal
2024-10-30,GOOGL,137.52,internal
2024-10-31,GOOGL,142.24,internal
2024-11-01,GOOGL,143.83,internal
2024-11-04,GOOGL,143.4,internal
2024-11-05,GOOGL,144.93,internal
2024-11-06,GOOGL,141.33,internal
2024-11-07,GOOGL,144.41,internal
2024-11-08,GOOGL,143.6,internal
2024-11-11,GOOGL,143.11,internal
2024-11-12,GOOGL,141.89,internal
2024-11-13,GOOGL,140.45,internal
2024-11-14,GOOGL,142.25,internal
2024-11-15,GOOGL,142.94,internal
2024-11-18,GOOGL,144.66,internal
2024-11-19,GOOGL,144.68,internal
2024-11-20,GOOGL,146.06,internal
2024-11-21,GOOGL,145.0,internal
2024-11-22,GOOGL,150.97,internal
2024-11-25,GOOGL,146.81,internal
2024-11-26,GOOGL,150.21,internal
2024-11-27,GOOGL,154.0,internal
2024-11-28,GOOGL,151.69,internal
2024-11-29,GOOGL,157.94,internal
2024-12-02,GOOGL,160.84,internal
2024-12-03,GOOGL,163.71,internal
2024-12-04,GOOGL,163.84,internal
2024-12-05,GOOGL,163.24,internal
2024-12-06,GOOGL,162.67,internal
2024-12-09,GOOGL,163.85,internal
2024-12-10,GOOGL,168.08,internal
2024-12-11,GOOGL,168.67,internal
2024-12-12,GOOGL,165.97,internal
2024-12-13,GOOGL,168.49,internal
2024-12-16,GOOGL,171.35,internal
2024-12-17,GOOGL,173.43,internal
2024-12-18,GOOGL,175.81,internal
2024-12-19,GOOGL,175.0,internal
2024-12-20,GOOGL,172.14,internal
2024-12-23,GOOGL,169.52,internal
2024-12-24,GOOGL,164.64,internal
2024-12-25,GOOGL,165.39,internal
2024-12-26,GOOGL,165.18,internal
2024-12-27,GOOGL,163.92,internal
2024-12-30,GOOGL,155.46,internal
2024-12-31,GOOGL,152.05,internal
2025-01-01,GOOGL,155.19,internal
2025-01-02,GOOGL,153.38,internal
2025-01-03,GOOGL,154.42,internal
2025-01-06,GOOGL,150.64,internal
2025-01-07,GOOGL,154.63,internal
2025-01-08,GOOGL,154.27,internal
2025-01-09,GOOGL,155.11,internal
2025-01-10,GOOGL,161.78,internal
2025-01-13,GOOGL,166.3,internal
2025-01-14,GOOGL,165.43,internal
2025-01-15,GOOGL,163.71,internal
2025-01-16,GOOGL,162.8,internal
2025-01-17,GOOGL,164.34,internal
2025-01-20,GOOGL,164.07,internal
2025-01-21,GOOGL,162.95,internal
2025-01-22,GOOGL,167.35,internal
2025-01-23,GOOGL,167.05,internal
2025-01-24,GOOGL,174.15,internal
2025-01-27,GOOGL,174.48,internal
2025-01-28,GOOGL,180.22,internal
2025-01-29,GOOGL,181.43,internal
2025-01-30,GOOGL,184.65,internal
2025-01-31,GOOGL,182.3,internal
2025-02-03,GOOGL,179.57,internal
2025-02-04,GOOGL,181.1,internal
2025-02-05,GOOGL,184.4,internal
2025-02-06,GOOGL,184.58,internal
2025-02-07,GOOGL,180.4,internal
2025-02-10,GOOGL,176.08,internal
2025-02-11,GOOGL,171.66,internal
2025-02-12,GOOGL,166.32,internal
2025-02-13,GOOGL,166.69,internal
2025-02-14,GOOGL,170.15,internal
2025-02-17,GOOGL,170.15,internal
2025-02-18,GOOGL,163.41,internal
2025-02-19,GOOGL,162.89,internal
2025-02-20,GOOGL,162.45,internal
2025-02-21,GOOGL,168.74,internal
2025-02-24,GOOGL,164.41,internal
2025-02-25,GOOGL,163.3,internal
2025-02-26,GOOGL,168.43,internal
2025-02-27,GOOGL,169.85,internal
2025-02-28,GOOGL,171.62,internal
2025-03-03,GOOGL,172.02,internal
2025-03-04,GOOGL,173.08,internal
2025-03-05,GOOGL,175.57,internal
2025-03-06,GOOGL,173.07,internal
2025-03-07,GOOGL,175.87,internal
2025-03-10,GOOGL,171.62,internal
2025-03-11,GOOGL,172.68,internal
2025-03-12,GOOGL,173.28,internal
2025-03-13,GOOGL,171.41,internal
2025-03-14,GOOGL,171.39,internal
2025-03-17,GOOGL,169.52,internal
2025-03-18,GOOGL,166.32,internal
2025-03-19,GOOGL,165.31,internal
2025-03-20,GOOGL,162.1,internal
2025-03-21,GOOGL,163.08,internal
2025-03-24,GOOGL,159.78,internal
2025-03-25,GOOGL,161.88,internal
2025-03-26,GOOGL,158.52,internal
2025-03-27,GOOGL,156.95,internal
2025-03-28,GOOGL,155.23,internal
2025-03-31,GOOGL,159.02,internal
2025-04-01,GOOGL,160.01,internal
2025-04-02,GOOGL,159.44,internal
2025-04-03,GOOGL,160.92,internal
2025-04-04,GOOGL,154.96,internal
2025-04-07,GOOGL,154.88,internal
2025-04-08,GOOGL,160.59,internal
2025-04-09,GOOGL,161.02,internal
2025-04-10,GOOGL,161.25,internal
2025-04-11,GOOGL,162.89,internal
2025-04-14,GOOGL,165.58,internal
2025-04-15,GOOGL,159.77,internal
2025-04-16,GOOGL,155.05,internal
2025-04-17,GOOGL,155.67,internal
2025-04-18,GOOGL,153.72,internal
2025-04-21,GOOGL,157.44,internal
2025-04-22,GOOGL,156.58,internal
2025-04-23,GOOGL,151.26,internal
2025-04-24,GOOGL,147.89,internal
2025-04-25,GOOGL,140.78,internal
2025-04-28,GOOGL,140.22,internal
2025-04-29,GOOGL,139.78,internal
2025-04-30,GOOGL,138.75,internal
2025-05-01,GOOGL,141.51,internal
2025-05-02,GOOGL,144.63,internal
2025-05-05,GOOGL,144.23,internal
2025-05-06,GOOGL,138.82,internal
2025-05-07,GOOGL,140.41,internal
2025-05-08,GOOGL,141.86,internal
2025-05-09,GOOGL,142.68,internal
2025-05-12,GOOGL,145.26,internal
2025-05-13,GOOGL,142.29,internal
2025-05-14,GOOGL,147.56,internal
2025-05-15,GOOGL,145.07,internal
2025-05-16,GOOGL,147.08,internal
2025-05-19,GOOGL,142.71,internal
2025-05-20,GOOGL,140.38,internal
2025-05-21,GOOGL,144.3,internal
2025-05-22,GOOGL,143.66,internal
2025-05-23,GOOGL,145.88,internal
2025-05-26,GOOGL,146.54,internal
2025-05-27,GOOGL,146.3,internal
2025-05-28,GOOGL,149.98,internal
2025-05-29,GOOGL,149.38,internal
2025-05-30,GOOGL,144.7,internal
2025-06-02,GOOGL,142.66,internal
2025-06-03,GOOGL,144.12,internal
2025-06-04,GOOGL,145.18,internal
2025-06-05,GOOGL,141.18,internal
2025-06-06,GOOGL,139.39,internal
2025-06-09,GOOGL,137.97,internal
2025-06-10,GOOGL,137.1,internal
2025-06-11,GOOGL,133.78,internal
2025-06-12,GOOGL,132.31,internal
2025-06-13,GOOGL,130.62,internal
2025-06-16,GOOGL,132.48,internal
2025-06-17,GOOGL,134.45,internal
2025-06-18,GOOGL,134.13,internal
2025-06-19,GOOGL,133.22,internal
2025-06-20,GOOGL,133.59,internal
2025-06-23,GOOGL,131.68,internal
2025-06-24,GOOGL,129.02,internal
2025-06-25,GOOGL,126.89,internal
2025-06-26,GOOGL,125.48,internal
2025-06-27,GOOGL,122.91,internal
2025-06-30,GOOGL,123.3,internal
2025-07-01,GOOGL,124.96,internal
2025-07-02,GOOGL,121.47,internal
2025-07-03,GOOGL,121.55,internal
2025-07-04,GOOGL,121.1,internal
2025-07-07,GOOGL,121.88,internal
2025-07-08,GOOGL,121.88,internal
2025-07-09,GOOGL,118.77,internal
2025-07-10,GOOGL,116.13,internal
2025-07-11,GOOGL,116.22,internal
2025-07-14,GOOGL,118.42,internal
2025-07-15,GOOGL,113.82,internal
2025-07-16,GOOGL,114.56,internal
2025-07-17,GOOGL,117.07,internal
2025-07-18,GOOGL,116.78,internal
2025-07-21,GOOGL,117.97,internal
2025-07-22,GOOGL,116.51,internal
2025-07-23,GOOGL,116.29,internal
2025-07-24,GOOGL,112.98,internal
2025-07-25,GOOGL,108.33,internal
2025-07-28,GOOGL,110.22,internal
2025-07-29,GOOGL,108.31,internal
2025-07-30,GOOGL,107.45,internal
2025-07-31,GOOGL,104.83,internal
2025-08-01,GOOGL,102.23,internal
2025-08-04,GOOGL,101.93,internal
2025-08-05,GOOGL,100.63,internal
2025-08-06,GOOGL,101.34,internal
2025-08-07,GOOGL,102.19,internal
2025-08-08,GOOGL,102.81,internal
2025-08-11,GOOGL,103.28,internal
2025-08-12,GOOGL,106.28,internal
2025-08-13,GOOGL,104.28,internal
2025-08-14,GOOGL,104.21,internal
2025-08-15,GOOGL,106.38,internal
2025-08-18,GOOGL,108.86,internal
2025-08-19,GOOGL,106.13,internal
2025-08-20,GOOGL,105.56,internal
2025-08-21,GOOGL,108.2,internal
2025-08-22,GOOGL,109.22,internal
2025-08-25,GOOGL,109.64,internal
2025-08-26,GOOGL,109.24,internal
2025-08-27,GOOGL,108.51,internal
2025-08-28,GOOGL,109.1,internal
2025-08-29,GOOGL,108.63,internal
2025-09-01,GOOGL,108.58,internal
2025-09-02,GOOGL,108.76,internal
2025-09-03,GOOGL,107.47,internal
2025-09-04,GOOGL,108.53,internal
2025-09-05,GOOGL,114.4,internal
2025-09-08,GOOGL,110.83,internal
2025-09-09,GOOGL,111.5,internal
2025-09-10,GOOGL,110.02,internal
2025-09-11,GOOGL,111.19,internal
2025-09-12,GOOGL,111.32,internal
2025-09-15,GOOGL,112.88,internal
2025-09-16,GOOGL,115.32,internal
2025-09-17,GOOGL,115.75,internal
2025-09-18,GOOGL,118.16,internal
2025-09-19,GOOGL,113.31,internal
2025-09-22,GOOGL,116.63,internal
2025-09-23,GOOGL,117.45,internal
2025-09-24,GOOGL,119.78,internal
2025-09-25,GOOGL,117.21,internal
2025-09-26,GOOGL,115.5,internal
2025-09-29,GOOGL,115.83,internal
2025-09-30,GOOGL,115.82,internal
2025-10-01,GOOGL,116.44,internal
2025-10-02,GOOGL,118.77,internal
2025-10-03,GOOGL,115.08,internal
2025-10-06,GOOGL,117.15,internal
2025-10-07,GOOGL,117.2,internal
2025-10-08,GOOGL,116.8,internal
2025-10-09,GOOGL,113.77,internal
2025-10-10,GOOGL,114.84,internal
2025-10-13,GOOGL,109.98,internal
2025-10-14,GOOGL,111.3,internal
2025-10-15,GOOGL,108.38,internal
2025-10-16,GOOGL,108.51,internal
2025-10-17,GOOGL,108.3,internal
2025-10-20,GOOGL,110.63,internal
2025-10-21,GOOGL,110.31,internal
2025-10-22,GOOGL,108.96,internal
2025-10-23,GOOGL,108.0,internal
2025-10-24,GOOGL,110.53,internal
2025-10-27,GOOGL,111.63,internal
2025-10-28,GOOGL,110.89,internal
2025-10-29,GOOGL,110.44,internal
2025-10-30,GOOGL,107.4,internal
2025-10-31,GOOGL,108.18,internal
2025-11-03,GOOGL,104.83,internal
2025-11-04,GOOGL,106.29,internal
2025-11-05,GOOGL,106.56,internal
2025-11-06,GOOGL,111.27,internal
2025-11-07,GOOGL,109.11,internal
2025-11-10,GOOGL,108.94,internal
2025-11-11,GOOGL,112.55,internal
2025-11-12,GOOGL,115.02,internal
2025-11-13,GOOGL,113.61,internal
2025-11-14,GOOGL,114.1,internal
2025-11-17,GOOGL,114.14,internal
2025-11-18,GOOGL,114.74,internal
2025-11-19,GOOGL,113.34,internal
2025-11-20,GOOGL,113.18,internal
2025-11-21,GOOGL,110.0,internal
2025-11-24,GOOGL,110.3,internal
2025-11-25,GOOGL,111.22,internal
2025-11-26,GOOGL,110.8,internal
2025-11-27,GOOGL,107.65,internal
2025-11-28,GOOGL,109.61,internal
2025-12-01,GOOGL,110.36,internal
2025-12-02,GOOGL,108.95,internal
2025-12-03,GOOGL,108.43,internal
2025-12-04,GOOGL,105.57,internal
2025-12-05,GOOGL,103.66,internal
2025-12-08,GOOGL,102.69,internal
2025-12-09,GOOGL,105.01,internal
2025-12-10,GOOGL,103.84,internal
2025-12-11,GOOGL,105.07,internal
2025-12-12,GOOGL,104.08,internal
2025-12-15,GOOGL,104.57,internal
2025-12-16,GOOGL,104.33,internal
2025-12-17,GOOGL,106.01,internal
2025-12-18,GOOGL,105.02,internal
2025-12-19,GOOGL,102.11,internal
2025-12-22,GOOGL,99.63,internal
2025-12-23,GOOGL,98.71,internal
2025-12-24,GOOGL,96.54,internal
2025-12-25,GOOGL,97.28,internal
2025-12-26,GOOGL,96.49,internal
2025-12-29,GOOGL,100.73,internal
2025-12-30,GOOGL,97.65,internal
2025-12-31,GOOGL,98.03,internal
2026-01-01,GOOGL,96.09,internal
2026-01-02,GOOGL,95.26,internal
2026-01-05,GOOGL,95.53,internal
2026-01-06,GOOGL,91.63,internal
2026-01-07,GOOGL,92.05,internal
2026-01-08,GOOGL,95.28,internal
2026-01-09,GOOGL,94.53,internal
2026-01-12,GOOGL,95.0,internal
2026-01-13,GOOGL,96.79,internal
2026-01-14,GOOGL,96.53,internal
2026-01-15,GOOGL,95.55,internal
2026-01-16,GOOGL,91.74,internal
2026-01-19,GOOGL,92.82,internal
2026-01-20,GOOGL,92.66,internal
2026-01-21,GOOGL,91.01,internal
2026-01-22,GOOGL,91.24,internal
2026-01-23,GOOGL,90.31,internal
2026-01-26,GOOGL,89.47,internal
2026-01-27,GOOGL,90.48,internal
2026-01-28,GOOGL,88.35,internal
2026-01-29,GOOGL,90.05,internal
2026-01-30,GOOGL,87.83,internal
2026-02-02,GOOGL,86.81,internal
2026-02-03,GOOGL,89.89,internal
2026-02-04,GOOGL,91.76,internal
2026-02-05,GOOGL,91.94,internal
2026-02-06,GOOGL,90.42,internal
2026-02-09,GOOGL,89.59,internal
2026-02-10,GOOGL,89.73,internal
2026-02-11,GOOGL,89.81,internal
2026-02-12,GOOGL,89.69,internal
2026-02-13,GOOGL,89.66,internal
2026-02-16,GOOGL,89.34,internal
2026-02-17,GOOGL,87.07,internal
2026-02-18,GOOGL,86.29,internal
2026-02-19,GOOGL,87.74,internal
2026-02-20,GOOGL,85.63,internal
2026-02-23,GOOGL,85.36,internal
2026-02-24,GOOGL,84.13,internal
2026-02-25,GOOGL,84.32,internal
2026-02-26,GOOGL,83.75,internal
2026-02-27,GOOGL,86.03,internal
2026-03-02,GOOGL,86.84,internal
2026-03-03,GOOGL,84.83,internal
2026-03-04,GOOGL,85.89,internal
2026-03-05,GOOGL,84.72,internal
2026-03-06,GOOGL,83.86,internal
2026-03-09,GOOGL,84.36,internal
2026-03-10,GOOGL,83.64,internal
2026-03-11,GOOGL,85.01,internal
2026-03-12,GOOGL,83.86,internal
2026-03-13,GOOGL,82.95,internal
2026-03-16,GOOGL,82.0,internal
2026-03-17,GOOGL,81.19,internal
2026-03-18,GOOGL,82.83,internal
2026-03-19,GOOGL,83.79,internal
2026-03-20,GOOGL,86.43,internal
2026-03-23,GOOGL,90.06,internal
2026-03-24,GOOGL,88.42,internal
2026-03-25,GOOGL,88.56,internal
2026-03-26,GOOGL,86.72,internal
2026-03-27,GOOGL,85.54,internal
2026-03-30,GOOGL,84.6,internal
2026-03-31,GOOGL,83.02,internal
2024-01-01,AMZN,174.59,internal
2024-01-02,AMZN,170.85,internal
2024-01-03,AMZN,173.5,internal
2024-01-04,AMZN,170.7,internal
2024-01-05,AMZN,179.6,internal
2024-01-08,AMZN,178.19,internal
2024-01-09,AMZN,178.47,internal
2024-01-10,AMZN,174.4,internal
2024-01-11,AMZN,179.88,internal
2024-01-12,AMZN,183.59,internal
2024-01-15,AMZN,184.62,internal
2024-01-16,AMZN,180.24,internal
2024-01-17,AMZN,180.97,internal
2024-01-18,AMZN,177.4,internal
2024-01-19,AMZN,182.18,internal
2024-01-22,AMZN,184.9,internal
2024-01-23,AMZN,185.26,internal
2024-01-24,AMZN,177.36,internal
2024-01-25,AMZN,174.29,internal
2024-01-26,AMZN,176.51,internal
2024-01-29,AMZN,180.45,internal
2024-01-30,AMZN,184.13,internal
2024-01-31,AMZN,178.97,internal
2024-02-01,AMZN,179.99,internal
2024-02-02,AMZN,183.36,internal
2024-02-05,AMZN,178.01,internal
2024-02-06,AMZN,178.03,internal
2024-02-07,AMZN,178.96,internal
2024-02-08,AMZN,178.03,internal
2024-02-09,AMZN,172.24,internal
2024-02-12,AMZN,171.28,internal
2024-02-13,AMZN,170.31,internal
2024-02-14,AMZN,169.9,internal
2024-02-15,AMZN,168.23,internal
2024-02-16,AMZN,166.93,internal
2024-02-19,AMZN,166.86,internal
2024-02-20,AMZN,168.23,internal
2024-02-21,AMZN,167.36,internal
2024-02-22,AMZN,166.17,internal
2024-02-23,AMZN,166.49,internal
2024-02-26,AMZN,160.87,internal
2024-02-27,AMZN,162.3,internal
2024-02-28,AMZN,162.33,internal
2024-02-29,AMZN,162.49,internal
2024-03-01,AMZN,165.37,internal
2024-03-04,AMZN,159.69,internal
2024-03-05,AMZN,154.16,internal
2024-03-06,AMZN,154.96,internal
2024-03-07,AMZN,154.98,internal
2024-03-08,AMZN,155.49,internal
2024-03-11,AMZN,154.24,internal
2024-03-12,AMZN,156.14,internal
2024-03-13,AMZN,158.82,internal
2024-03-14,AMZN,160.25,internal
2024-03-15,AMZN,159.54,internal
2024-03-18,AMZN,153.64,internal
2024-03-19,AMZN,155.82,internal
2024-03-20,AMZN,159.32,internal
2024-03-21,AMZN,161.22,internal
2024-03-22,AMZN,158.73,internal
2024-03-25,AMZN,160.71,internal
2024-03-26,AMZN,163.26,internal
2024-03-27,AMZN,167.95,internal
2024-03-28,AMZN,165.36,internal
2024-03-29,AMZN,164.73,internal
2024-04-01,AMZN,167.0,internal
2024-04-02,AMZN,167.21,internal
2024-04-03,AMZN,163.93,internal
2024-04-04,AMZN,165.19,internal
2024-04-05,AMZN,166.97,internal
2024-04-08,AMZN,167.27,internal
2024-04-09,AMZN,167.98,internal
2024-04-10,AMZN,167.24,internal
2024-04-11,AMZN,171.79,internal
2024-04-12,AMZN,169.07,internal
2024-04-15,AMZN,167.33,internal
2024-04-16,AMZN,167.41,internal
2024-04-17,AMZN,170.12,internal
2024-04-18,AMZN,165.64,internal
2024-04-19,AMZN,161.82,internal
2024-04-22,AMZN,156.03,internal
2024-04-23,AMZN,156.16,internal
2024-04-24,AMZN,153.09,internal
2024-04-25,AMZN,152.07,internal
2024-04-26,AMZN,153.93,internal
2024-04-29,AMZN,152.2,internal
2024-04-30,AMZN,152.87,internal
2024-05-01,AMZN,152.09,internal
2024-05-02,AMZN,153.98,internal
2024-05-03,AMZN,155.34,internal
2024-05-06,AMZN,153.46,internal
2024-05-07,AMZN,153.03,internal
2024-05-08,AMZN,155.97,internal
2024-05-09,AMZN,157.12,internal
2024-05-10,AMZN,153.25,internal
2024-05-13,AMZN,155.11,internal
2024-05-14,AMZN,152.15,internal
2024-05-15,AMZN,156.11,internal
2024-05-16,AMZN,159.05,internal
2024-05-17,AMZN,159.92,internal
2024-05-20,AMZN,160.42,internal
2024-05-21,AMZN,159.86,internal
2024-05-22,AMZN,161.86,internal
2024-05-23,AMZN,160.82,internal
2024-05-24,AMZN,161.55,internal
2024-05-27,AMZN,164.14,internal
2024-05-28,AMZN,162.53,internal
2024-05-29,AMZN,160.78,internal
2024-05-30,AMZN,157.4,internal
2024-05-31,AMZN,154.45,internal
2024-06-03,AMZN,149.49,internal
2024-06-04,AMZN,151.5,internal
2024-06-05,AMZN,156.56,internal
2024-06-06,AMZN,160.67,internal
2024-06-07,AMZN,156.07,internal
2024-06-10,AMZN,158.16,internal
2024-06-11,AMZN,162.3,internal
2024-06-12,AMZN,161.01,internal
2024-06-13,AMZN,161.35,internal
2024-06-14,AMZN,155.66,internal
2024-06-17,AMZN,156.45,internal
2024-06-18,AMZN,153.52,internal
2024-06-19,AMZN,154.11,internal
2024-06-20,AMZN,149.88,internal
2024-06-21,AMZN,151.39,internal
2024-06-24,AMZN,154.24,internal
2024-06-25,AMZN,152.12,internal
2024-06-26,AMZN,149.08,internal
2024-06-27,AMZN,143.44,internal
2024-06-28,AMZN,142.79,internal
2024-07-01,AMZN,141.34,internal
2024-07-02,AMZN,137.48,internal
2024-07-03,AMZN,138.64,internal
2024-07-04,AMZN,137.56,internal
2024-07-05,AMZN,134.95,internal
2024-07-08,AMZN,133.64,internal
2024-07-09,AMZN,136.28,internal
2024-07-10,AMZN,137.8,internal
2024-07-11,AMZN,137.51,internal
2024-07-12,AMZN,139.09,internal
2024-07-15,AMZN,136.25,internal
2024-07-16,AMZN,136.36,internal
2024-07-17,AMZN,136.76,internal
2024-07-18,AMZN,135.64,internal
2024-07-19,AMZN,136.74,internal
2024-07-22,AMZN,134.87,internal
2024-07-23,AMZN,136.14,internal
2024-07-24,AMZN,137.54,internal
2024-07-25,AMZN,130.54,internal
2024-07-26,AMZN,133.4,internal
2024-07-29,AMZN,126.31,internal
2024-07-30,AMZN,124.94,internal
2024-07-31,AMZN,127.3,internal
2024-08-01,AMZN,126.61,internal
2024-08-02,AMZN,123.34,internal
2024-08-05,AMZN,120.97,internal
2024-08-06,AMZN,123.26,internal
2024-08-07,AMZN,119.1,internal
2024-08-08,AMZN,121.57,internal
2024-08-09,AMZN,121.48,internal
2024-08-12,AMZN,118.93,internal
2024-08-13,AMZN,117.72,internal
2024-08-14,AMZN,115.61,internal
2024-08-15,AMZN,117.46,internal
2024-08-16,AMZN,119.05,internal
2024-08-19,AMZN,115.45,internal
2024-08-20,AMZN,114.64,internal
2024-08-21,AMZN,112.9,internal
2024-08-22,AMZN,115.59,internal
2024-08-23,AMZN,112.84,internal
2024-08-26,AMZN,116.18,internal
2024-08-27,AMZN,116.14,internal
2024-08-28,AMZN,113.76,internal
2024-08-29,AMZN,112.41,internal
2024-08-30,AMZN,110.83,internal
2024-09-02,AMZN,108.34,internal
2024-09-03,AMZN,108.56,internal
2024-09-04,AMZN,106.21,internal
2024-09-05,AMZN,102.15,internal
2024-09-06,AMZN,101.48,internal
2024-09-09,AMZN,98.26,internal
2024-09-10,AMZN,96.96,internal
2024-09-11,AMZN,95.41,internal
2024-09-12,AMZN,93.95,internal
2024-09-13,AMZN,97.42,internal
2024-09-16,AMZN,97.55,internal
2024-09-17,AMZN,98.0,internal
2024-09-18,AMZN,94.94,internal
2024-09-19,AMZN,93.85,internal
2024-09-20,AMZN,94.24,internal
2024-09-23,AMZN,92.54,internal
2024-09-24,AMZN,94.09,internal
2024-09-25,AMZN,92.1,internal
2024-09-26,AMZN,91.65,internal
2024-09-27,AMZN,90.71,internal
2024-09-30,AMZN,91.0,internal
2024-10-01,AMZN,89.98,internal
2024-10-02,AMZN,89.57,internal
2024-10-03,AMZN,89.21,internal
2024-10-04,AMZN,88.06,internal
2024-10-07,AMZN,88.85,internal
2024-10-08,AMZN,89.26,internal
2024-10-09,AMZN,89.14,internal
2024-10-10,AMZN,88.47,internal
2024-10-11,AMZN,89.77,internal
2024-10-14,AMZN,89.41,internal
2024-10-15,AMZN,88.94,internal
2024-10-16,AMZN,89.13,internal
2024-10-17,AMZN,91.92,internal
2024-10-18,AMZN,89.75,internal
2024-10-21,AMZN,91.03,internal
2024-10-22,AMZN,88.0,internal
2024-10-23,AMZN,88.37,internal
2024-10-24,AMZN,90.93,internal
2024-10-25,AMZN,91.76,internal
2024-10-28,AMZN,92.06,internal
2024-10-29,AMZN,91.16,internal
2024-10-30,AMZN,91.23,internal
2024-10-31,AMZN,90.84,internal
2024-11-01,AMZN,89.59,internal
2024-11-04,AMZN,89.15,internal
2024-11-05,AMZN,89.49,internal
2024-11-06,AMZN,88.28,internal
2024-11-07,AMZN,87.03,internal
2024-11-08,AMZN,84.95,internal
2024-11-11,AMZN,85.57,internal
2024-11-12,AMZN,86.44,internal
2024-11-13,AMZN,86.82,internal
2024-11-14,AMZN,88.36,internal
2024-11-15,AMZN,88.52,internal
2024-11-18,AMZN,89.17,internal
2024-11-19,AMZN,89.68,internal
2024-11-20,AMZN,89.56,internal
2024-11-21,AMZN,88.73,internal
2024-11-22,AMZN,92.36,internal
2024-11-25,AMZN,91.64,internal
2024-11-26,AMZN,90.57,internal
2024-11-27,AMZN,91.3,internal
2024-11-28,AMZN,91.74,internal
2024-11-29,AMZN,89.47,internal
2024-12-02,AMZN,91.32,internal
2024-12-03,AMZN,91.19,internal
2024-12-04,AMZN,89.4,internal
2024-12-05,AMZN,91.36,internal
2024-12-06,AMZN,92.42,internal
2024-12-09,AMZN,90.36,internal
2024-12-10,AMZN,93.32,internal
2024-12-11,AMZN,94.46,internal
2024-12-12,AMZN,94.46,internal
2024-12-13,AMZN,97.23,internal
2024-12-16,AMZN,97.53,internal
2024-12-17,AMZN,97.51,internal
2024-12-18,AMZN,96.38,internal
2024-12-19,AMZN,97.42,internal
2024-12-20,AMZN,98.28,internal
2024-12-23,AMZN,98.34,internal
2024-12-24,AMZN,96.97,internal
2024-12-25,AMZN,97.22,internal
2024-12-26,AMZN,97.12,internal
2024-12-27,AMZN,94.84,internal
2024-12-30,AMZN,92.39,internal
2024-12-31,AMZN,93.36,internal
2025-01-01,AMZN,89.11,internal
2025-01-02,AMZN,89.46,internal
2025-01-03,AMZN,88.72,internal
2025-01-06,AMZN,90.85,internal
2025-01-07,AMZN,90.07,internal
2025-01-08,AMZN,91.17,internal
2025-01-09,AMZN,90.54,internal
2025-01-10,AMZN,90.75,internal
2025-01-13,AMZN,91.99,internal
2025-01-14,AMZN,91.25,internal
2025-01-15,AMZN,92.92,internal
2025-01-16,AMZN,91.3,internal
2025-01-17,AMZN,91.8,internal
2025-01-20,AMZN,93.37,internal
2025-01-21,AMZN,94.5,internal
2025-01-22,AMZN,97.85,internal
2025-01-23,AMZN,96.53,internal
2025-01-24,AMZN,94.19,internal
2025-01-27,AMZN,92.54,internal
2025-01-28,AMZN,93.67,internal
2025-01-29,AMZN,94.54,internal
2025-01-30,AMZN,94.74,internal
2025-01-31,AMZN,92.87,internal
2025-02-03,AMZN,94.18,internal
2025-02-04,AMZN,92.15,internal
2025-02-05,AMZN,94.12,internal
2025-02-06,AMZN,99.11,internal
2025-02-07,AMZN,99.79,internal
2025-02-10,AMZN,100.87,internal
2025-02-11,AMZN,100.0,internal
2025-02-12,AMZN,96.82,internal
2025-02-13,AMZN,95.8,internal
2025-02-14,AMZN,93.96,internal
2025-02-17,AMZN,91.56,internal
2025-02-18,AMZN,94.47,internal
2025-02-19,AMZN,94.96,internal
2025-02-20,AMZN,95.63,internal
2025-02-21,AMZN,95.13,internal
2025-02-24,AMZN,94.86,internal
2025-02-25,AMZN,96.54,internal
2025-02-26,AMZN,96.51,internal
2025-02-27,AMZN,97.46,internal
2025-02-28,AMZN,97.14,internal
2025-03-03,AMZN,96.57,internal
2025-03-04,AMZN,94.18,internal
2025-03-05,AMZN,90.91,internal
2025-03-06,AMZN,90.5,internal
2025-03-07,AMZN,90.62,internal
2025-03-10,AMZN,88.56,internal
2025-03-11,AMZN,88.53,internal
2025-03-12,AMZN,88.64,internal
2025-03-13,AMZN,85.29,internal
2025-03-14,AMZN,83.91,internal
2025-03-17,AMZN,84.55,internal
2025-03-18,AMZN,85.17,internal
2025-03-19,AMZN,83.44,internal
2025-03-20,AMZN,83.7,internal
2025-03-21,AMZN,85.27,internal
2025-03-24,AMZN,86.49,internal
2025-03-25,AMZN,86.37,internal
2025-03-26,AMZN,85.66,internal
2025-03-27,AMZN,84.72,internal
2025-03-28,AMZN,85.46,internal
2025-03-31,AMZN,85.78,internal
2025-04-01,AMZN,86.78,internal
2025-04-02,AMZN,87.01,internal
2025-04-03,AMZN,88.32,internal
2025-04-04,AMZN,88.49,internal
2025-04-07,AMZN,89.78,internal
2025-04-08,AMZN,91.22,internal
2025-04-09,AMZN,89.93,internal
2025-04-10,AMZN,87.07,internal
2025-04-11,AMZN,89.54,internal
2025-04-14,AMZN,89.98,internal
2025-04-15,AMZN,87.27,internal
2025-04-16,AMZN,86.18,internal
2025-04-17,AMZN,87.4,internal
2025-04-18,AMZN,86.99,internal
2025-04-21,AMZN,86.21,internal
2025-04-22,AMZN,88.43,internal
2025-04-23,AMZN,86.8,internal
2025-04-24,AMZN,85.59,internal
2025-04-25,AMZN,85.94,internal
2025-04-28,AMZN,86.56,internal
2025-04-29,AMZN,87.36,internal
2025-04-30,AMZN,88.83,internal
2025-05-01,AMZN,89.17,internal
2025-05-02,AMZN,89.98,internal
2025-05-05,AMZN,89.58,internal
2025-05-06,AMZN,89.71,internal
2025-05-07,AMZN,89.9,internal
2025-05-08,AMZN,90.28,internal
2025-05-09,AMZN,91.56,internal
2025-05-12,AMZN,92.51,internal
2025-05-13,AMZN,92.6,internal
2025-05-14,AMZN,91.29,internal
2025-05-15,AMZN,91.42,internal
2025-05-16,AMZN,91.4,internal
2025-05-19,AMZN,91.74,internal
2025-05-20,AMZN,95.48,internal
2025-05-21,AMZN,94.61,internal
2025-05-22,AMZN,95.35,internal
2025-05-23,AMZN,97.23,internal
2025-05-26,AMZN,97.42,internal
2025-05-27,AMZN,101.64,internal
2025-05-28,AMZN,100.97,internal
2025-05-29,AMZN,101.59,internal
2025-05-30,AMZN,100.16,internal
2025-06-02,AMZN,99.56,internal
2025-06-03,AMZN,100.03,internal
2025-06-04,AMZN,101.59,internal
2025-06-05,AMZN,102.2,internal
2025-06-06,AMZN,104.57,internal
2025-06-09,AMZN,104.42,internal
2025-06-10,AMZN,103.82,internal
2025-06-11,AMZN,109.03,internal
2025-06-12,AMZN,109.83,internal
2025-06-13,AMZN,108.44,internal
2025-06-16,AMZN,107.12,internal
2025-06-17,AMZN,105.35,internal
2025-06-18,AMZN,107.17,internal
2025-06-19,AMZN,106.49,internal
2025-06-20,AMZN,106.76,internal
2025-06-23,AMZN,106.67,internal
2025-06-24,AMZN,108.11,internal
2025-06-25,AMZN,106.5,internal
2025-06-26,AMZN,104.48,internal
2025-06-27,AMZN,104.93,internal
2025-06-30,AMZN,106.1,internal
2025-07-01,AMZN,106.76,internal
2025-07-02,AMZN,105.25,internal
2025-07-03,AMZN,106.56,internal
2025-07-04,AMZN,105.17,internal
2025-07-07,AMZN,104.22,internal
2025-07-08,AMZN,102.49,internal
2025-07-09,AMZN,104.94,internal
2025-07-10,AMZN,106.17,internal
2025-07-11,AMZN,107.36,internal
2025-07-14,AMZN,109.82,internal
2025-07-15,AMZN,115.56,internal
2025-07-16,AMZN,112.08,internal
2025-07-17,AMZN,110.63,internal
2025-07-18,AMZN,109.44,internal
2025-07-21,AMZN,107.8,internal
2025-07-22,AMZN,105.76,internal
2025-07-23,AMZN,105.22,internal
2025-07-24,AMZN,102.96,internal
2025-07-25,AMZN,103.61,internal
2025-07-28,AMZN,103.73,internal
2025-07-29,AMZN,104.66,internal
2025-07-30,AMZN,105.65,internal
2025-07-31,AMZN,106.83,internal
2025-08-01,AMZN,106.14,internal
2025-08-04,AMZN,110.3,internal
2025-08-05,AMZN,110.79,internal
2025-08-06,AMZN,107.17,internal
2025-08-07,AMZN,105.28,internal
2025-08-08,AMZN,102.05,internal
2025-08-11,AMZN,102.11,internal
2025-08-12,AMZN,101.91,internal
2025-08-13,AMZN,101.08,internal
2025-08-14,AMZN,104.84,internal
2025-08-15,AMZN,105.9,internal
2025-08-18,AMZN,107.32,internal
2025-08-19,AMZN,105.57,internal
2025-08-20,AMZN,103.71,internal
2025-08-21,AMZN,103.8,internal
2025-08-22,AMZN,104.15,internal
2025-08-25,AMZN,100.76,internal
2025-08-26,AMZN,100.46,internal
2025-08-27,AMZN,100.51,internal
2025-08-28,AMZN,100.14,internal
2025-08-29,AMZN,98.71,internal
2025-09-01,AMZN,97.78,internal
2025-09-02,AMZN,97.5,internal
2025-09-03,AMZN,97.68,internal
2025-09-04,AMZN,98.77,internal
2025-09-05,AMZN,100.74,internal
2025-09-08,AMZN,100.23,internal
2025-09-09,AMZN,99.44,internal
2025-09-10,AMZN,100.25,internal
2025-09-11,AMZN,101.38,internal
2025-09-12,AMZN,100.62,internal
2025-09-15,AMZN,102.09,internal
2025-09-16,AMZN,103.93,internal
2025-09-17,AMZN,106.4,internal
2025-09-18,AMZN,109.89,internal
2025-09-19,AMZN,108.21,internal
2025-09-22,AMZN,108.27,internal
2025-09-23,AMZN,108.32,internal
2025-09-24,AMZN,108.15,internal
2025-09-25,AMZN,106.92,internal
2025-09-26,AMZN,104.13,internal
2025-09-29,AMZN,104.33,internal
2025-09-30,AMZN,102.92,internal
2025-10-01,AMZN,103.11,internal
2025-10-02,AMZN,101.67,internal
2025-10-03,AMZN,99.7,internal
2025-10-06,AMZN,100.15,internal
2025-10-07,AMZN,100.44,internal
2025-10-08,AMZN,101.52,internal
2025-10-09,AMZN,105.62,internal
2025-10-10,AMZN,106.18,internal
2025-10-13,AMZN,107.14,internal
2025-10-14,AMZN,105.1,internal
2025-10-15,AMZN,102.72,internal
2025-10-16,AMZN,105.72,internal
2025-10-17,AMZN,104.0,internal
2025-10-20,AMZN,102.09,internal
2025-10-21,AMZN,102.04,internal
2025-10-22,AMZN,101.9,internal
2025-10-23,AMZN,100.29,internal
2025-10-24,AMZN,99.76,internal
2025-10-27,AMZN,102.02,internal
2025-10-28,AMZN,100.58,internal
2025-10-29,AMZN,98.11,internal
2025-10-30,AMZN,99.81,internal
2025-10-31,AMZN,100.73,internal
2025-11-03,AMZN,99.63,internal
2025-11-04,AMZN,96.86,internal
2025-11-05,AMZN,95.59,internal
2025-11-06,AMZN,95.52,internal
2025-11-07,AMZN,97.57,internal
2025-11-10,AMZN,95.79,internal
2025-11-11,AMZN,95.67,internal
2025-11-12,AMZN,96.87,internal
2025-11-13,AMZN,92.83,internal
2025-11-14,AMZN,94.59,internal
2025-11-17,AMZN,92.62,internal
2025-11-18,AMZN,93.2,internal
2025-11-19,AMZN,93.64,internal
2025-11-20,AMZN,95.51,internal
2025-11-21,AMZN,96.49,internal
2025-11-24,AMZN,92.47,internal
2025-11-25,AMZN,91.19,internal
2025-11-26,AMZN,91.44,internal
2025-11-27,AMZN,91.15,internal
2025-11-28,AMZN,91.96,internal
2025-12-01,AMZN,93.3,internal
2025-12-02,AMZN,94.35,internal
2025-12-03,AMZN,94.01,internal
2025-12-04,AMZN,90.96,internal
2025-12-05,AMZN,90.24,internal
2025-12-08,AMZN,90.94,internal
2025-12-09,AMZN,89.19,internal
2025-12-10,AMZN,90.23,internal
2025-12-11,AMZN,91.74,internal
2025-12-12,AMZN,91.98,internal
2025-12-15,AMZN,87.06,internal
2025-12-16,AMZN,85.11,internal
2025-12-17,AMZN,88.07,internal
2025-12-18,AMZN,87.23,internal
2025-12-19,AMZN,84.19,internal
2025-12-22,AMZN,86.1,internal
2025-12-23,AMZN,86.14,internal
2025-12-24,AMZN,87.9,internal
2025-12-25,AMZN,88.36,internal
2025-12-26,AMZN,89.11,internal
2025-12-29,AMZN,89.72,internal
2025-12-30,AMZN,90.87,internal
2025-12-31,AMZN,94.7,internal
2026-01-01,AMZN,96.4,internal
2026-01-02,AMZN,93.71,internal
2026-01-05,AMZN,94.5,internal
2026-01-06,AMZN,96.48,internal
2026-01-07,AMZN,98.62,internal
2026-01-08,AMZN,97.89,internal
2026-01-09,AMZN,99.99,internal
2026-01-12,AMZN,101.7,internal
2026-01-13,AMZN,106.54,internal
2026-01-14,AMZN,105.14,internal
2026-01-15,AMZN,104.21,internal
2026-01-16,AMZN,103.66,internal
2026-01-19,AMZN,102.78,internal
2026-01-20,AMZN,101.17,internal
2026-01-21,AMZN,96.29,internal
2026-01-22,AMZN,95.56,internal
2026-01-23,AMZN,96.22,internal
2026-01-26,AMZN,95.39,internal
2026-01-27,AMZN,98.8,internal
2026-01-28,AMZN,98.85,internal
2026-01-29,AMZN,101.2,internal
2026-01-30,AMZN,101.7,internal
2026-02-02,AMZN,103.25,internal
2026-02-03,AMZN,103.8,internal
2026-02-04,AMZN,106.41,internal
2026-02-05,AMZN,106.55,internal
2026-02-06,AMZN,107.53,internal
2026-02-09,AMZN,108.27,internal
2026-02-10,AMZN,107.73,internal
2026-02-11,AMZN,108.55,internal
2026-02-12,AMZN,113.03,internal
2026-02-13,AMZN,112.51,internal
2026-02-16,AMZN,113.39,internal
2026-02-17,AMZN,116.02,internal
2026-02-18,AMZN,118.45,internal
2026-02-19,AMZN,118.51,internal
2026-02-20,AMZN,113.56,internal
2026-02-23,AMZN,114.65,internal
2026-02-24,AMZN,110.19,internal
2026-02-25,AMZN,113.17,internal
2026-02-26,AMZN,113.54,internal
2026-02-27,AMZN,115.64,internal
2026-03-02,AMZN,113.8,internal
2026-03-03,AMZN,110.69,internal
2026-03-04,AMZN,111.24,internal
2026-03-05,AMZN,111.2,internal
2026-03-06,AMZN,110.25,internal
2026-03-09,AMZN,110.45,internal
2026-03-10,AMZN,116.12,internal
2026-03-11,AMZN,117.9,internal
2026-03-12,AMZN,120.18,internal
2026-03-13,AMZN,122.05,internal
2026-03-16,AMZN,125.38,internal
2026-03-17,AMZN,124.98,internal
2026-03-18,AMZN,120.47,internal
2026-03-19,AMZN,120.09,internal
2026-03-20,AMZN,121.89,internal
2026-03-23,AMZN,119.81,internal
2026-03-24,AMZN,119.46,internal
2026-03-25,AMZN,118.01,internal
2026-03-26,AMZN,121.28,internal
2026-03-27,AMZN,122.96,internal
2026-03-30,AMZN,124.44,internal
2026-03-31,AMZN,125.87,internal
