date,fund_id,security_id,txn_type,quantity,price,cash_amount,fees
2024-01-01,FUND1,AAPL,BUY,100.0,181.61,-18161.0,4.95
2024-01-01,FUND1,AMZN,BUY,100.0,174.59,-17459.0,4.95
2024-01-01,FUND1,GOOGL,BUY,100.0,145.42,-14542.0,4.95
2024-01-01,FUND1,MSFT,BUY,100.0,401.58,-40158.0,4.95
2024-02-01,FUND1,CASH,CONTRIB,0.0,1.0,10000.0,0.0
2024-03-01,FUND1,CASH,CONTRIB,0.0,1.0,10000.0,0.0
2024-03-29,FUND1,AAPL,DIV,0.0,2.0152,201.52,0.0
2024-03-29,FUND1,AMZN,DIV,0.0,1.6473,164.73,0.0
2024-03-29,FUND1,GOOGL,DIV,0.0,1.4086,140.86,0.0
2024-03-29,FUND1,MSFT,DIV,0.0,3.6809,368.09,0.0
2024-04-01,FUND1,CASH,CONTRIB,0.0,1.0,10000.0,0.0
2024-05-01,FUND1,CASH,CONTRIB,0.0,1.0,10000.0,0.0
2024-06-03,FUND1,CASH,CONTRIB,0.0,1.0,10000.0,0.0
2024-06-28,FUND1,AAPL,DIV,0.0,1.6756,167.56,0.0
2024-06-28,FUND1,AMZN,DIV,0.0,1.4279,142.79,0.0
2024-06-28,FUND1,GOOGL,DIV,0.0,1.3322,133.22,0.0
2024-06-28,FUND1,MSFT,DIV,0.0,2.9989,299.89,0.0
2024-07-01,FUND1,CASH,CONTRIB,0.0,1.0,10000.0,0.0
2024-08-01,FUND1,CASH,CONTRIB,0.0,1.0,10000.0,0.0
2024-09-02,FUND1,CASH,CONTRIB,0.0,1.0,10000.0,0.0
2024-09-30,FUND1,AAPL,DIV,0.0,1.7493,174.93,0.0
2024-09-30,FUND1,AMZN,DIV,0.0,0.91,91.0,0.0
2024-09-30,FUND1,GOOGL,DIV,0.0,1.4727,147.27,0.0
2024-09-30,FUND1,MSFT,DIV,0.0,3.5174,351.74,0.0
2024-10-01,FUND1,CASH,CONTRIB,0.0,1.0,10000.0,0.0
2024-11-01,FUND1,CASH,CONTRIB,0.0,1.0,10000.0,0.0
2024-12-02,FUND1,CASH,CONTRIB,0.0,1.0,10000.0,0.0
2024-12-31,FUND1,AAPL,DIV,0.0,1.5647,156.47,0.0
2024-12-31,FUND1,AMZN,DIV,0.0,0.9336,93.36,0.0
2024-12-31,FUND1,GOOGL,DIV,0.0,1.5205,152.05,0.0
2024-12-31,FUND1,MSFT,DIV,0.0,3.5784,357.84,0.0
2025-01-01,FUND1,CASH,CONTRIB,0.0,1.0,10000.0,0.0
2025-02-03,FUND1,CASH,CONTRIB,0.0,1.0,10000.0,0.0
2025-03-03,FUND1,CASH,CONTRIB,0.0,1.0,10000.0,0.0
2025-03-31,FUND1,AAPL,DIV,0.0,1.9109,191.09,0.0
2025-03-31,FUND1,AMZN,DIV,0.0,0.8578,85.78,0.0
2025-03-31,FUND1,GOOGL,DIV,0.0,1.5902,159.02,0.0
2025-03-31,FUND1,MSFT,DIV,0.0,2.7232,272.32,0.0
2025-04-01,FUND1,CASH,CONTRIB,0.0,1.0,10000.0,0.0
2025-05-01,FUND1,CASH,CONTRIB,0.0,1.0,10000.0,0.0
2025-06-02,FUND1,CASH,CONTRIB,0.0,1.0,10000.0,0.0
2025-06-30,FUND1,AAPL,DIV,0.0,1.8975,379.5,0.0
2025-06-30,FUND1,AMZN,DIV,0.0,1.061,106.1,0.0
2025-06-30,FUND1,GOOGL,DIV,0.0,1.233,123.3,0.0
2025-06-30,FUND1,MSFT,DIV,0.0,2.8984,289.84,0.0
2025-07-01,FUND1,CASH,CONTRIB,0.0,1.0,10000.0,0.0
2025-08-01,FUND1,CASH,CONTRIB,0.0,1.0,10000.0,0.0
2025-09-01,FUND1,CASH,CONTRIB,0.0,1.0,10000.0,0.0
2025-09-30,FUND1,AAPL,DIV,0.0,1.9294,385.88,0.0
2025-09-30,FUND1,AMZN,DIV,0.0,1.0292,102.92,0.0
2025-09-30,FUND1,GOOGL,DIV,0.0,1.1582,115.82,0.0
2025-09-30,FUND1,MSFT,DIV,0.0,3.161,316.1,0.0
2025-10-01,FUND1,CASH,CONTRIB,0.0,1.0,10000.0,0.0
2025-11-03,FUND1,CASH,CONTRIB,0.0,1.0,10000.0,0.0
2025-12-01,FUND1,CASH,CONTRIB,0.0,1.0,10000.0,0.0
2025-12-31,FUND1,AAPL,DIV,0.0,1.8758,375.16,0.0
2025-12-31,FUND1,AMZN,DIV,0.0,0.947,94.7,0.0
2025-12-31,FUND1,GOOGL,DIV,0.0,0.9803,98.03,0.0
2025-12-31,FUND1,MSFT,DIV,0.0,3.9627,396.27,0.0
2026-01-01,FUND1,CASH,CONTRIB,0.0,1.0,10000.0,0.0
2026-02-02,FUND1,CASH,CONTRIB,0.0,1.0,10000.0,0.0
2026-03-02,FUND1,CASH,CONTRIB,0.0,1.0,10000.0,0.0
2026-03-31,FUND1,AAPL,DIV,0.0,1.6622,332.44,0.0
2026-03-31,FUND1,AMZN,DIV,0.0,1.2587,125.87,0.0
2026-03-31,FUND1,GOOGL,DIV,0.0,0.8302,83.02,0.0
2026-03-31,FUND1,MSFT,DIV,0.0,3.3261,332.61,0.0
